"Latitude","Longitude","State","AUTO_UNIQUE_ID_2019-11-13_elvisxb_bathrooms","UpdatedReverseGeocoding","TimeTaken","TransactionId","Source","ErrorMessage","Version","ComputedStreetAddress","ComputedCity","ComputedState","ComputedZip","ComputedZipPlus4","ComputedAPN"
"40.733421","-73.999518","",1,"1",421.86,"","AggieReverseGeocoder","",4.01,"396 AVENUE OF THE AMERICAS","New York","NY","10011","8415","1005530009"
"40.758587","-73.969831","",2,"1",562.4652,"","AggieReverseGeocoder","",4.01,"884 3RD AVE","New York","NY","10022","4700","1013087501"
"40.737137","-73.990077","",3,"1",296.8359,"","AggieReverseGeocoder","",4.01,"860 BROADWAY","New York","NY","10003","1228","1008460026"
"40.729917","-73.992566","",4,"1",640.8895,"","AggieReverseGeocoder","",4.01,"740 BROADWAY","New York","NY","10003","9518","1005450026"
"40.74186","-73.993767","",5,"1",625.1757,"","AggieReverseGeocoder","",4.01,"675 AVENUE OF THE AMERICAS","New York","NY","10010","5100","1007970037"
"40.774326","-73.981944","",6,"1",1015.6675,"","AggieReverseGeocoder","",4.01,"144 COLUMBUS AVE","New York","NY","10023","5908","1011387501"
"40.72471385","-73.99646044","",7,"1",312.5632,"","AggieReverseGeocoder","",4.01,"592 BROADWAY","New York","NY","10012","3396","1005110012"
"40.75751793","-73.97829652","",8,"1",1031.0876,"","AggieReverseGeocoder","",4.01,"1230 AVENUE OF THE AMERICAS","New York","NY","10020","1513","1012640005"
"40.76709476","-73.98266315","",9,"1",953.1033,"","AggieReverseGeocoder","",4.01,"301 W 57TH ST","New York","NY","10019","3114","1010487503"
"40.71561071","-74.01141644","",10,"1",1468.7777,"","AggieReverseGeocoder","",4.01,"292 GREENWICH ST","New York","NY","10007","1048","1001420001"
"40.71559038","-74.01104629","",11,"1",1468.7855,"","AggieReverseGeocoder","",4.01,"295 GREENWICH ST","New York","NY","10007","1049","1001377502"
"40.73703912","-73.98957253","",12,"1",265.6455,"","AggieReverseGeocoder","",4.01,"33 E 17TH ST","New York","NY","10003","2005","1008460030"
"40.7860511","-73.9787349","",13,"1",312.3595,"","AggieReverseGeocoder","",4.01,"2281 BROADWAY","New York","NY","10024","4906","1012300008"
"40.7790608","-73.955106","",14,"1",453.1047,"","AggieReverseGeocoder","",4.01,"150 E 86TH ST","New York","NY","10028","2118","1015140046"
"40.7556905","-73.9788945999999","",15,"1",1187.5153,"","AggieReverseGeocoder","",4.01,"4 E 46TH ST","New York","NY","10017","2406","1012810066"
"40.765826","-73.96363","",16,"1",1250.0253,"","AggieReverseGeocoder","",4.01,"1126 3RD AVE","New York","NY","10065","6619","1014000039"
"40.755057","-73.968551","",17,"1",1328.1447,"","AggieReverseGeocoder","",4.01,"943 2ND AVE","New York","NY","10022","7744","1013240022"
"40.761135","-73.969274","",18,"1",1156.2507,"","AggieReverseGeocoder","",4.01,"135 E 57TH ST","New York","NY","10022","2050","1013120015"
"40.761136","-73.969971","",19,"1",1140.6487,"","AggieReverseGeocoder","",4.01,"110 E 57TH ST","New York","NY","10022","2615","1013110065"
"40.756324","-73.970562","",20,"1",1203.1517,"","AggieReverseGeocoder","",4.01,"830 3RD AVE","New York","NY","10022","7523","1013050040"
"40.758887","-73.970782","",21,"1",1187.5167,"","AggieReverseGeocoder","",4.01,"399 PARK AVE","New York","NY","10022","4614","1013087502"
"40.74114027","-74.00138497","",22,"1",624.9812,"","AggieReverseGeocoder","",4.01,"270 W 17TH ST","New York","NY","10011","5353","1007667502"
"40.75056909","-73.97694469","",23,"1",265.6217,"","AggieReverseGeocoder","",4.01,"364 LEXINGTON AVE","New York","NY","10017","6501","1012950058"
"40.77411093","-73.98133278","",24,"1",999.9845,"","AggieReverseGeocoder","",4.01,"152 COLUMBUS AVE","New York","NY","10023","5918","1011380035"
"40.75231653","-73.97782445","",25,"1",281.2563,"","AggieReverseGeocoder","",4.01,"77 E 42ND ST","New York","NY","10017","5503","1012800001"
"40.757854","-73.971214","",26,"1",484.4008,"","AggieReverseGeocoder","",4.01,"599 LEXINGTON AVE","New York","NY","10022","6030","1013070023"
"40.753956","-73.971967","",27,"1",1203.1291,"","AggieReverseGeocoder","",4.01,"757 3RD AVE","New York","NY","10017","2013","1013210001"
"40.756732","-73.972351","",28,"1",1187.5387,"","AggieReverseGeocoder","",4.01,"560 LEXINGTON AVE","New York","NY","10022","6828","1013050013"
"40.754968","-73.973311","",29,"1",437.4674,"","AggieReverseGeocoder","",4.01,"509 LEXINGTON AVE","New York","NY","10017","2017","1013020051"
"40.761165","-73.973333","",30,"1",1046.8743,"","AggieReverseGeocoder","",4.01,"550 MADISON AVE","New York","NY","10022","3211","1012910010"
"40.759625","-73.973609","",31,"1",265.6407,"","AggieReverseGeocoder","",4.01,"515 MADISON AVE","New York","NY","10022","5403","1012890021"
"40.751541","-73.973723","",32,"1",1124.9248,"","AggieReverseGeocoder","",4.01,"685 3RD AVE","New York","NY","10017","4024","1013170001"
"40.762416","-73.974205","",33,"1",1046.8769,"","AggieReverseGeocoder","",4.01,"4 E 57TH ST","New York","NY","10022","2502","1012920066"
"40.7584","-73.974579","",34,"1",312.4995,"","AggieReverseGeocoder","",4.01,"477 MADISON AVE","New York","NY","10022","5802","1012870021"
"40.750121","-73.974764","",35,"1",1171.883,"","AggieReverseGeocoder","",4.01,"655 3RD AVE","New York","NY","10017","5617","1013150001"
"40.753187","-73.97494","",36,"1",968.7588,"","AggieReverseGeocoder","",4.01,"100 E 45TH ST","New York","NY","10017","3104","1012800090"
"40.756147","-73.975022","",37,"1",250.0279,"","AggieReverseGeocoder","",4.01,"280 PARK AVE","New York","NY","10017","1216","1012840033"
"40.751129","-73.975644","",38,"1",1046.7844,"","AggieReverseGeocoder","",4.01,"128 E 42ND ST","New York","NY","10017","5607","1012960046"
"40.7430993","-74.00035501","",39,"1",297.0362,"","AggieReverseGeocoder","",4.01,"177 8TH AVE","New York","NY","10011","1602","1007430038"
"40.75215398","-73.97533536","",40,"1",312.4928,"","AggieReverseGeocoder","",4.01,"417 LEXINGTON AVE","New York","NY","10017","3909","1012980023"
"40.7565427","-73.97410154","",41,"1",328.1091,"","AggieReverseGeocoder","",4.01,"301 PARK AVE","New York","NY","10022","6844","1013040001"
"40.75171509","-73.99267316","",42,"1",640.633,"","AggieReverseGeocoder","",4.01,"206 W 34TH ST","New York","NY","10119","0015","1007830070"
"40.74415","-73.983708","",43,"1",281.125,"","AggieReverseGeocoder","",4.01,"424 PARK AVE S","New York","NY","10016","8022","1008590039"
"40.754862","-73.983944","",44,"1",968.731,"","AggieReverseGeocoder","",4.01,"47 W 42ND ST","New York","NY","10036","8004","1012580001"
"40.769399","-73.9848","",45,"1",609.4757,"","AggieReverseGeocoder","",4.01,"2 COLUMBUS AVE","New York","NY","10023","6924","1011317501"
"40.759935","-73.985017","",46,"1",1015.6577,"","AggieReverseGeocoder","",4.01,"1585 BROADWAY","New York","NY","10036","8200","1010197502"
"40.732141","-73.99814487","",47,"1",312.7997,"","AggieReverseGeocoder","",4.01,"25 WASHINGTON SQ N","New York","NY","10011","9108","1005510014"
"40.76218259","-73.9863646","",48,"1",718.7466,"","AggieReverseGeocoder","",4.01,"815 8TH AVE","New York","NY","10019","7415","1010400029"
"40.77468779","-73.95429611","",49,"1",984.1398,"","AggieReverseGeocoder","",4.01,"1559 2ND AVE","New York","NY","10028","3902","1015260028"
"40.763717","-73.98522","",50,"1",640.6284,"","AggieReverseGeocoder","",4.01,"851 8TH AVE","New York","NY","10019","6237","1010427501"
"40.747697","-73.985264","",51,"1",1046.8781,"","AggieReverseGeocoder","",4.01,"4 W 33RD ST","New York","NY","10001","3331","1008340049"
"40.758295","-73.985632","",52,"1",265.6273,"","AggieReverseGeocoder","",4.01,"1531 BROADWAY","New York","NY","10036","4075","1010170029"
"40.755351","-73.986403","",53,"1",593.2278,"","AggieReverseGeocoder","",4.01,"1462 BROADWAY","New York","NY","10036","7305","1009940054"
"40.733802","-73.986649","",54,"1",1062.5626,"","AggieReverseGeocoder","",4.01,"135 3RD AVE","New York","NY","10003","2543","1008960048"
"40.74011","-73.986655","",55,"1",281.2462,"","AggieReverseGeocoder","",4.01,"304 PARK AVE S","New York","NY","10010","4301","1008510041"
"40.744999","-73.986908","",56,"1",1031.4189,"","AggieReverseGeocoder","",4.01,"3 W 28TH ST","New York","NY","10001","6402","1008580006"
"40.762103","-73.987265","",57,"1",281.2475,"","AggieReverseGeocoder","",4.01,"815 8TH AVE","New York","NY","10019","7415","1010400029"
"40.760431","-73.987296","",58,"1",578.1766,"","AggieReverseGeocoder","",4.01,"770 8TH AVE","New York","NY","10036","7017","1010190001"
"40.752243","-73.98735","",59,"1",593.6987,"","AggieReverseGeocoder","",4.01,"1372 BROADWAY","New York","NY","10018","6107","1008130023"
"40.753658","-73.988528","",60,"1",624.9576,"","AggieReverseGeocoder","",4.01,"525 FASHION AVE","New York","NY","10018","4901","1008140001"
"40.758038","-73.989046","",61,"1",578.218,"","AggieReverseGeocoder","",4.01,"680 8TH AVE","New York","NY","10036","7114","1010150001"
"40.748077","-73.989198","",62,"1",624.9689,"","AggieReverseGeocoder","",4.01,"875 AVENUE OF THE AMERICAS","New York","NY","10001","3507","1008070039"
"40.734966","-73.989901","",63,"1",1078.0394,"","AggieReverseGeocoder","",4.01,"69 E 17TH ST","New York","NY","10003","2004","1008450002"
"40.719304","-73.989938","",64,"1",3187.4774,"","AggieReverseGeocoder","",4.01,"80 DELANCEY ST","New York","NY","10002","3133","1004150078"
"40.729777","-73.990128","",65,"1",1062.5018,"","AggieReverseGeocoder","",4.01,"7 E 7TH ST","New York","NY","10003","8128","1005440076"
"40.761628","-73.990137","",66,"1",609.3648,"","AggieReverseGeocoder","",4.01,"682 9TH AVE","New York","NY","10036","3603","1010380001"
"40.751837","-73.990171","",67,"1",562.4922,"","AggieReverseGeocoder","",4.01,"462 FASHION AVE","New York","NY","10018","7606","1007850037"
"40.736751","-73.990749","",68,"1",624.9488,"","AggieReverseGeocoder","",4.01,"33 UNION SQ W","New York","NY","10003","3219","1008440019"
"40.755347","-73.991007","",69,"1",578.3697,"","AggieReverseGeocoder","",4.01,"600 8TH AVE","New York","NY","10018","3000","1007890001"
"40.744858","-73.991216","",70,"1",593.9586,"","AggieReverseGeocoder","",4.01,"776 AVENUE OF THE AMERICAS","New York","NY","10001","6354","1008280001"
"40.748831","-73.992238","",71,"1",640.5762,"","AggieReverseGeocoder","",4.01,"370 7TH AVE","New York","NY","10001","3967","1007800036"
"40.758823","-73.992503","",72,"1",578.1088,"","AggieReverseGeocoder","",4.01,"576 10TH AVE","New York","NY","10036","3041","1010520001"
"40.751705","-73.992665","",73,"1",296.9992,"","AggieReverseGeocoder","",4.01,"206 W 34TH ST","New York","NY","10119","0015","1007830070"
"40.741851","-73.993412","",74,"1",656.2302,"","AggieReverseGeocoder","",4.01,"682 AVENUE OF THE AMERICAS","New York","NY","10010","5102","1008230004"
"40.760405","-73.996972","",75,"1",640.5766,"","AggieReverseGeocoder","",4.01,"529 W 42ND ST","New York","NY","10036","6220","1010717502"
"40.736692","-73.997164","",76,"1",625.0325,"","AggieReverseGeocoder","",4.01,"65 W 13TH ST","New York","NY","10011","7908","1005777502"
"40.745196","-73.998724","",77,"1",656.2556,"","AggieReverseGeocoder","",4.01,"249 8TH AVE","New York","NY","10011","1607","1007467503"
"40.753483","-73.998819","",78,"1",609.3687,"","AggieReverseGeocoder","",4.01,"368 10TH AVE","New York","NY","10001","1412","1007290001"
"40.732949","-73.999885","",79,"1",281.2481,"","AggieReverseGeocoder","",4.01,"378 AVENUE OF THE AMERICAS","New York","NY","10011","8415","1005530001"
"40.737338","-74.00171","",80,"1",656.2457,"","AggieReverseGeocoder","",4.01,"87 GREENWICH AVE","New York","NY","10014","5203","1006150036"
"40.756571","-74.003475","",81,"1",625.0404,"","AggieReverseGeocoder","",4.01,"360 WEST ST","New York","NY","10014","3634","1006800001"
"40.741895","-74.00454","",82,"1",578.0971,"","AggieReverseGeocoder","",4.01,"103 8TH AVE","New York","NY","10011","5197","1007390001"
"40.772464","-73.951218","",83,"1",421.867,"","AggieReverseGeocoder","",4.01,"420 E 80TH ST","New York","NY","10075","1052","1015590033"
"40.73180767","-73.99531245","",84,"1",609.3891,"","AggieReverseGeocoder","",4.01,"20 UNIVERSITY PL","New York","NY","10003","4530","1005660018"
"40.72610015","-74.00559068","",85,"1",1187.4052,"","AggieReverseGeocoder","",4.01,"150 VARICK ST","New York","NY","10013","1218","1005050001"
"40.77402156","-73.95941377","",86,"1",406.2583,"","AggieReverseGeocoder","",4.01,"1115 LEXINGTON AVE","New York","NY","10075","0401","1014120053"
"40.75701406","-73.98241639","",87,"1",1124.8626,"","AggieReverseGeocoder","",4.01,"1166 AVENUE OF THE AMERICAS","New York","NY","10036","2708","1012617501"
"40.769943","-73.954596","",88,"1",937.4937,"","AggieReverseGeocoder","",4.01,"330 E 75TH ST","New York","NY","10021","3082","1014497501"
"40.771248","-73.959678","",89,"1",1468.7744,"","AggieReverseGeocoder","",4.01,"177 E 74TH ST","New York","NY","10021","3226","1014090033"
"40.760255","-73.961344","",90,"1",1156.2543,"","AggieReverseGeocoder","",4.01,"401 E 60TH ST","New York","NY","10022","1555","1014557501"
"40.712368","-74.007972","",91,"1",1437.5277,"","AggieReverseGeocoder","",4.01,"52 CHAMBERS ST","New York","NY","10007","1222","1001220001"
"40.713054","-74.009584","",92,"1",1484.367,"","AggieReverseGeocoder","",4.01,"100 CHURCH ST","New York","NY","10007","2601","1001250020"
"40.711736","-74.007287","",93,"1",1218.7202,"","AggieReverseGeocoder","",4.01,"52 CHAMBERS ST","New York","NY","10007","1222","1001220001"
"40.710458","-74.009601","",94,"1",1203.1406,"","AggieReverseGeocoder","",4.01,"189 BROADWAY","New York","NY","10007","3115","1000630013"
"40.714135","-74.015142","",95,"1",578.0914,"","AggieReverseGeocoder","",4.01,"250 VESEY ST","NEW YORK","NY","10080","1002","1000160150"
"40.754397","-73.976339","",96,"1",312.5165,"","AggieReverseGeocoder","",4.01,"230 PARK AVE","New York","NY","10169","0005","1013000001"
"40.75637","-73.976831","",97,"1",1015.6445,"","AggieReverseGeocoder","",4.01,"400 MADISON AVE","New York","NY","10017","1909","1012830017"
"40.74368","-73.976848","",98,"1",1015.6441,"","AggieReverseGeocoder","",4.01,"251 E 32ND ST","New York","NY","10016","6304","1009130028"
"40.779822","-73.976871","",99,"1",1093.8162,"","AggieReverseGeocoder","",4.01,"331 COLUMBUS AVE","New York","NY","10023","8402","1011280061"
"40.779981","-73.977075","",100,"1",968.7788,"","AggieReverseGeocoder","",4.01,"328 COLUMBUS AVE","New York","NY","10023","8403","1011470033"
"40.763665","-73.977495","",101,"1",1031.2269,"","AggieReverseGeocoder","",4.01,"1380 AVENUE OF THE AMERICAS","New York","NY","10019","3907","1012720001"
"40.751533","-73.97778","",102,"1",312.5037,"","AggieReverseGeocoder","",4.01,"100 E 42ND ST","New York","NY","10017","5529","1012960001"
"40.763791","-73.978371","",103,"1",265.5767,"","AggieReverseGeocoder","",4.01,"106 W 56TH ST","New York","NY","10019","3866","1010080037"
"40.764727","-73.978477","",104,"1",1031.2461,"","AggieReverseGeocoder","",4.01,"130 W 57TH ST","New York","NY","10019","3303","1010090046"
"40.753666","-73.978487","",105,"1",1000.0239,"","AggieReverseGeocoder","",4.01,"333 MADISON AVE","New York","NY","10017","4610","1012780020"
"40.762698","-73.978543","",106,"1",1078.1656,"","AggieReverseGeocoder","",4.01,"120 W 55TH ST","New York","NY","10019","5305","1010070029"
"40.756425","-73.978581","",107,"1",984.3858,"","AggieReverseGeocoder","",4.01,"3 W 46TH ST","New York","NY","10036","4100","1012620033"
"40.761789","-73.978886","",108,"1",1015.4445,"","AggieReverseGeocoder","",4.01,"1330 AVENUE OF THE AMERICAS","New York","NY","10019","5400","1012690001"
"40.753456","-73.978962","",109,"1",1000.0107,"","AggieReverseGeocoder","",4.01,"330 MADISON AVE","New York","NY","10017","5001","1012770014"
"40.750619","-73.979049","",110,"1",1046.888,"","AggieReverseGeocoder","",4.01,"90 PARK AVE","New York","NY","10016","1301","1008690034"
"40.758671","-73.979061","",111,"1",968.8066,"","AggieReverseGeocoder","",4.01,"1230 AVENUE OF THE AMERICAS","New York","NY","10020","1513","1012640005"
"40.755217","-73.979464","",112,"1",968.7523,"","AggieReverseGeocoder","",4.01,"6 E 45TH ST","New York","NY","10017","2401","1012790065"
"40.760932","-73.979508","",113,"1",937.4662,"","AggieReverseGeocoder","",4.01,"1285 AVENUE OF THE AMERICAS","New York","NY","10019","6031","1010040029"
"40.751916","-73.979773","",114,"1",265.6698,"","AggieReverseGeocoder","",4.01,"295 MADISON AVE","New York","NY","10017","6304","1012750050"
"40.764588","-73.98088","",115,"1",984.3793,"","AggieReverseGeocoder","",4.01,"870 7TH AVE","New York","NY","10019","4308","1010277501"
"40.73309","-73.980905","",116,"1",1015.5943,"","AggieReverseGeocoder","",4.01,"346 E 18TH ST","New York","NY","10003","2817","1009230039"
"40.781106","-73.981034","",117,"1",578.1058,"","AggieReverseGeocoder","",4.01,"2138 BROADWAY","New York","NY","10023","8208","1011677501"
"40.761699","-73.981165","",118,"1",296.8383,"","AggieReverseGeocoder","",4.01,"787 7TH AVE","New York","NY","10019","6018","1010040020"
"40.74392028","-73.99193287","",119,"1",609.4532,"","AggieReverseGeocoder","",4.01,"736 AVENUE OF THE AMERICAS","New York","NY","10010","2712","1008260001"
"40.746628","-73.981399","",120,"1",1140.6167,"","AggieReverseGeocoder","",4.01,"111 E 33RD ST","New York","NY","10016","5334","1008890001"
"40.74198566","-73.98067832","",121,"1",999.9929,"","AggieReverseGeocoder","",4.01,"407 3RD AVE","New York","NY","10016","8103","1009090001"
"40.740709","-73.981936","",122,"1",1046.8926,"","AggieReverseGeocoder","",4.01,"160 E 26TH ST","New York","NY","10010","1800","1008810047"
"40.715434","-74.008729","",123,"1",640.6424,"","AggieReverseGeocoder","",4.01,"125 CHAMBERS ST","New York","NY","10007","1331","1001450012"
"40.77108842","-73.9568603","",124,"1",1000.0026,"","AggieReverseGeocoder","",4.01,"240 E 76TH ST","New York","NY","10021","2941","1014307501"
"40.72989708","-73.9906776","",125,"1",1000.0169,"","AggieReverseGeocoder","",4.01,"7 E 7TH ST","New York","NY","10003","8128","1005440076"
"40.757667","-73.982217","",126,"1",1031.276,"","AggieReverseGeocoder","",4.01,"1185 AVENUE OF THE AMERICAS","New York","NY","10036","2601","1009990029"
"40.764181","-73.982279","",127,"1",1046.8511,"","AggieReverseGeocoder","",4.01,"1708 BROADWAY","New York","NY","10019","5902","1010260021"
"40.777441","-73.982314","",128,"1",593.7407,"","AggieReverseGeocoder","",4.01,"2039 BROADWAY","New York","NY","10023","3702","1011620029"
"40.769273","-73.982344","",129,"1",1000.0209,"","AggieReverseGeocoder","",4.01,"1841 BROADWAY","New York","NY","10023","7603","1011130018"
"40.74861","-73.982499","",130,"1",984.4443,"","AggieReverseGeocoder","",4.01,"200 MADISON AVE","New York","NY","10016","3903","1008650014"
"40.763045","-73.983176","",131,"1",265.6321,"","AggieReverseGeocoder","",4.01,"1675 BROADWAY","New York","NY","10019","5820","1010240015"
"40.766892","-73.983628","",132,"1",281.1673,"","AggieReverseGeocoder","",4.01,"959 8TH AVE","New York","NY","10019","3737","1010477502"
"40.77127936","-73.98234397","",133,"1",1046.8736,"","AggieReverseGeocoder","",4.01,"1889 BROADWAY","New York","NY","10023","7005","1011150057"
"40.762196","-73.983396","",134,"1",1000.003,"","AggieReverseGeocoder","",4.01,"1652 BROADWAY","New York","NY","10019","6234","1010230029"
"40.76329182","-73.98307085","",135,"1",265.5896,"","AggieReverseGeocoder","",4.01,"1681 BROADWAY","New York","NY","10019","5827","1010240046"
"40.76028507","-73.9844656","",136,"1",1062.4887,"","AggieReverseGeocoder","",4.01,"1604 BROADWAY","New York","NY","10019","7409","1010200038"
"40.75731069","-73.98249149","",137,"1",1015.6448,"","AggieReverseGeocoder","",4.01,"1177 AVENUE OF THE AMERICAS","New York","NY","10036","2714","1009980029"
"40.75821277","-73.98137569","",138,"1",296.9054,"","AggieReverseGeocoder","",4.01,"1212 AVENUE OF THE AMERICAS","New York","NY","10036","1602","1012630071"
"40.73304748","-74.00384188","",139,"1",281.2817,"","AggieReverseGeocoder","",4.01,"317 BLEECKER ST","New York","NY","10014","3429","1005910040"
"40.7315597","-74.00197506","",140,"1",296.8192,"","AggieReverseGeocoder","",4.01,"17 CORNELIA ST","New York","NY","10014","5635","1005907501"
"40.73190929","-74.00328398","",141,"1",609.4295,"","AggieReverseGeocoder","",4.01,"283 BLEECKER ST","New York","NY","10014","4107","1005900050"
"40.77128952","-73.9823252","",142,"1",1015.6527,"","AggieReverseGeocoder","",4.01,"1889 BROADWAY","New York","NY","10023","7005","1011150057"
"40.73322634","-73.9995718","",143,"1",296.85,"","AggieReverseGeocoder","",4.01,"390 AVENUE OF THE AMERICAS","New York","NY","10011","8415","1005530007"
"40.75813151","-73.98034573","",144,"1",1062.4508,"","AggieReverseGeocoder","",4.01,"1230 AVENUE OF THE AMERICAS","New York","NY","10020","1513","1012640005"
"40.75938302","-73.98043156","",145,"1",1062.5132,"","AggieReverseGeocoder","",4.01,"1258 AVENUE OF THE AMERICAS","New York","NY","10020","1511","1012650071"
"40.75925299","-73.97734165","",146,"1",296.8587,"","AggieReverseGeocoder","",4.01,"1260 AVENUE OF THE AMERICAS","New York","NY","10020","1701","1012660001"
"40.76754167","-73.98304939","",147,"1",249.9708,"","AggieReverseGeocoder","",4.01,"4 COLUMBUS CIR","New York","NY","10019","1100","1010480033"
"40.76837048","-73.98506641","",148,"1",249.9731,"","AggieReverseGeocoder","",4.01,"892 9TH AVE","New York","NY","10019","1703","1010480063"
"40.76684286","-73.98356438","",149,"1",265.5215,"","AggieReverseGeocoder","",4.01,"959 8TH AVE","New York","NY","10019","3737","1010477502"
"40.76549398","-73.98382187","",150,"1",984.4257,"","AggieReverseGeocoder","",4.01,"931 8TH AVE","New York","NY","10019","4225","1010460029"
"40.76574588","-73.98368239","",151,"1",1093.7942,"","AggieReverseGeocoder","",4.01,"937 8TH AVE","New York","NY","10019","4254","1010460032"
"40.76765543","-73.98216963","",152,"1",1031.2552,"","AggieReverseGeocoder","",4.01,"990 8TH AVE","New York","NY","10019","1831","1010300001"
"40.71870892","-74.00250614","",153,"1",1718.7918,"","AggieReverseGeocoder","",4.01,"60 WALKER ST","New York","NY","10013","3514","1001940042"
"40.76226792","-73.98047447","",154,"1",281.2119,"","AggieReverseGeocoder","",4.01,"126 W 53RD ST","New York","NY","10019","6006","1010050049"
"40.75785519","-73.98548484","",155,"1",999.8798,"","AggieReverseGeocoder","",4.01,"1514 BROADWAY","New York","NY","10036","4002","1009970001"
"40.76176815","-73.97907168","",156,"1",1046.8931,"","AggieReverseGeocoder","",4.01,"1330 AVENUE OF THE AMERICAS","New York","NY","10019","5400","1012690001"
"40.71130874","-74.00854111","",157,"1",1343.7435,"","AggieReverseGeocoder","",4.01,"1 PARK ROW","New York","NY","10038","2418","1000900001"
"40.71216469","-74.00331885","",158,"1",1562.5846,"","AggieReverseGeocoder","",4.01,"1 POLICE PLZ","New York","NY","10038","1403","1001190001"
"40.714915","-74.005861","",159,"1",1515.612,"","AggieReverseGeocoder","",4.01,"291 BROADWAY","New York","NY","10007","1814","1001500038"
"40.715923","-74.00345","",160,"1",640.6351,"","AggieReverseGeocoder","",4.01,"95 WORTH ST","New York","NY","10013","6700","1001700020"
"40.71808279","-73.99979174","",161,"1",1718.7713,"","AggieReverseGeocoder","",4.01,"233 CANAL ST","New York","NY","10013","4112","1002070001"
"40.721291","-74.00045","",162,"1",265.6061,"","AggieReverseGeocoder","",4.01,"473 BROADWAY","New York","NY","10013","2679","1004747504"
"40.722384","-73.997642","",163,"1",296.8692,"","AggieReverseGeocoder","",4.01,"68 SPRING ST","New York","NY","10012","4006","1004820019"
"40.72266484","-73.9979893","",164,"1",1265.6894,"","AggieReverseGeocoder","",4.01,"81 SPRING ST","New York","NY","10012","3904","1004977502"
"40.72301244","-73.98857206","",165,"1",2828.1377,"","AggieReverseGeocoder","",4.01,"2 2ND AVE","New York","NY","10003","8602","1004420001"
"40.756215","-73.964282","",166,"1",1203.0623,"","AggieReverseGeocoder","",4.01,"400 E 54TH ST","New York","NY","10022","5164","1013657502"
"40.760841","-73.983614","",167,"1",1062.4992,"","AggieReverseGeocoder","",4.01,"750 7TH AVE","New York","NY","10019","6834","1010210026"
"40.72591314","-73.99856865","",168,"1",1250.2235,"","AggieReverseGeocoder","",4.01,"148 GREENE ST","New York","NY","10012","3288","1005130010"
"40.727437","-73.995248","",169,"1",1250.004,"","AggieReverseGeocoder","",4.01,"246 MERCER ST","New York","NY","10012","1111","1005320008"
"40.72898243","-73.98676962","",170,"1",1031.2488,"","AggieReverseGeocoder","",4.01,"144 2ND AVE","New York","NY","10003","8305","1004500008"
"40.729368","-73.98727","",171,"1",1156.2607,"","AggieReverseGeocoder","",4.01,"145 2ND AVE","New York","NY","10003","5703","1004650055"
"40.75056","-73.989262","",172,"1",671.8678,"","AggieReverseGeocoder","",4.01,"441 7TH AVE","New York","NY","10001","2009","1008100001"
"40.75159","-73.990346","",173,"1",703.0973,"","AggieReverseGeocoder","",4.01,"460 FASHION AVE","New York","NY","10123","2001","1007840048"
"40.752589","-73.99301","",174,"1",656.2849,"","AggieReverseGeocoder","",4.01,"490 8TH AVE","New York","NY","10001","1806","1007840080"
"40.756765","-73.988362","",175,"1",687.4923,"","AggieReverseGeocoder","",4.01,"660 8TH AVE","New York","NY","10036","7104","1010140001"
"40.756806","-73.985887","",176,"1",1109.401,"","AggieReverseGeocoder","",4.01,"1500 BROADWAY","New York","NY","10036","4015","1009960001"
"40.73009018","-74.00321692","",177,"1",1296.8698,"","AggieReverseGeocoder","",4.01,"31 CARMINE ST","New York","NY","10014","4427","1005860032"
"40.73366941","-74.00601715","",178,"1",296.8724,"","AggieReverseGeocoder","",4.01,"518 HUDSON ST","New York","NY","10014","2854","1006190009"
"40.733171","-74.002735","",179,"1",296.9239,"","AggieReverseGeocoder","",4.01,"72 GROVE ST","New York","NY","10014","3557","1005910020"
"40.755472","-73.9782308","",180,"1",312.5048,"","AggieReverseGeocoder","",4.01,"12 E 46TH ST","New York","NY","10017","2418","1012810062"
"40.777652","-73.9544159999999","",181,"1",484.3965,"","AggieReverseGeocoder","",4.01,"1497 3RD AVE","New York","NY","10028","2117","1015300004"
"40.7666592","-73.9624663999999","",182,"1",437.3701,"","AggieReverseGeocoder","",4.01,"1153 3RD AVE","New York","NY","10065","6009","1014220002"
"40.7260258","-73.9965422","",183,"1",281.2068,"","AggieReverseGeocoder","",4.01,"625 BROADWAY","New York","NY","10012","2611","1005230046"
"40.722675","-73.997427","",184,"1",312.4356,"","AggieReverseGeocoder","",4.01,"71 SPRING ST","New York","NY","10012","4004","1004960036"
"40.7151804","-74.0109916999999","",185,"1",640.3997,"","AggieReverseGeocoder","",4.01,"275 GREENWICH ST","New York","NY","10007","2150","1001327501"
"40.7416969999999","-73.993266","",186,"1",312.6118,"","AggieReverseGeocoder","",4.01,"680 AVENUE OF THE AMERICAS","New York","NY","10010","5110","1008230003"
"40.7311439","-73.9934291999999","",187,"1",296.8894,"","AggieReverseGeocoder","",4.01,"40 E 9TH ST","New York","NY","10003","6421","1005607502"
"40.7340316","-73.9889494999999","",188,"1",1078.1513,"","AggieReverseGeocoder","",4.01,"106 E 14TH ST","New York","NY","10003","4170","1005590012"
"40.7336016","-73.9999824999999","",189,"1",281.2585,"","AggieReverseGeocoder","",4.01,"403 AVENUE OF THE AMERICAS","New York","NY","10014","3516","1005930013"
"40.7529192","-73.9892039","",190,"1",671.8151,"","AggieReverseGeocoder","",4.01,"501 FASHION AVE","New York","NY","10018","5903","1008130001"
"40.7292318999999","-73.9886503999999","",191,"1",312.4858,"","AggieReverseGeocoder","",4.01,"19 SAINT MARKS PL","New York","NY","10003","7837","1004640048"
"40.7260258","-73.9965422","",192,"1",0,"","AggieReverseGeocoder","",4.01,"625 BROADWAY","New York","NY","10012","2611","1005230046"
"40.7540452","-73.9813838","",193,"1",1078.0884,"","AggieReverseGeocoder","",4.01,"4 W 43RD ST","New York","NY","10036","7408","1012580042"
"40.7523592999999","-73.9939028","",194,"1",750.0301,"","AggieReverseGeocoder","",4.01,"461 8TH AVE","New York","NY","10001","1810","1007570031"
"40.7561632","-73.9807412","",195,"1",296.8618,"","AggieReverseGeocoder","",4.01,"25 W 45TH ST","New York","NY","10036","4902","1012610021"
"40.7454761","-73.9828726","",196,"1",312.4526,"","AggieReverseGeocoder","",4.01,"462 PARK AVE S","New York","NY","10016","6818","1008610044"
"40.742054","-74.0012459999999","",197,"1",312.501,"","AggieReverseGeocoder","",4.01,"149 8TH AVE","New York","NY","10011","5107","1007410033"
"40.7594973","-73.9915287999999","",198,"1",296.8297,"","AggieReverseGeocoder","",4.01,"618 9TH AVE","New York","NY","10036","3731","1010340061"
"40.73731","-73.9899619999999","",199,"1",328.1969,"","AggieReverseGeocoder","",4.01,"864 BROADWAY","New York","NY","10003","1200","1008460023"
"40.7399255","-73.9850622","",200,"1",343.7692,"","AggieReverseGeocoder","",4.01,"119 E 23RD ST","New York","NY","10010","4550","1008797501"
"40.7281648","-74.0051398","",201,"1",312.5123,"","AggieReverseGeocoder","",4.01,"200 VARICK ST","New York","NY","10014","4810","1005200001"
"40.7789507","-73.9810891999999","",202,"1",296.883,"","AggieReverseGeocoder","",4.01,"269 AMSTERDAM AVE","New York","NY","10023","2800","1011440061"
"40.7592334","-73.9822861999999","",203,"1",281.0935,"","AggieReverseGeocoder","",4.01,"1221 AVENUE OF THE AMERICAS","New York","NY","10020","1001","1010010029"
"40.7630794","-73.9852664","",204,"1",312.4953,"","AggieReverseGeocoder","",4.01,"852 8TH AVE","New York","NY","10019","6244","1010230002"
"40.7658676","-73.9824871999999","",205,"1",312.518,"","AggieReverseGeocoder","",4.01,"235 W 56TH ST","New York","NY","10019","4307","1010287501"
"40.7513248","-73.9808575","",206,"1",281.2739,"","AggieReverseGeocoder","",4.01,"266 MADISON AVE","New York","NY","10016","0980","1008690016"
"40.7575374","-73.9741793","",207,"1",265.6721,"","AggieReverseGeocoder","",4.01,"320 PARK AVE","New York","NY","10022","6815","1012860035"
"40.7481829","-73.9850635","",208,"1",1140.6325,"","AggieReverseGeocoder","",4.01,"4 W 33RD ST","New York","NY","10001","3331","1008340049"
"40.7460757","-73.9939534999999","",209,"1",625.0613,"","AggieReverseGeocoder","",4.01,"283 7TH AVE","New York","NY","10001","6009","1008020001"
"40.7145629","-74.0063756","",210,"1",656.268,"","AggieReverseGeocoder","",4.01,"279 BROADWAY","New York","NY","10007","1831","1001490031"
"40.763625","-73.9777335999999","",211,"1",1078.1281,"","AggieReverseGeocoder","",4.01,"1381 AVENUE OF THE AMERICAS","New York","NY","10019","3910","1010090029"
"40.7883739","-73.9766343","",212,"1",1093.7885,"","AggieReverseGeocoder","",4.01,"2373 BROADWAY","New York","NY","10024","2800","1012347501"
"40.7659528","-73.9569808999999","",213,"1",937.4803,"","AggieReverseGeocoder","",4.01,"400 E 70TH ST","New York","NY","10021","5387","1014647501"
"40.733819","-73.9933838","",214,"1",296.9008,"","AggieReverseGeocoder","",4.01,"88 UNIVERSITY PL","New York","NY","10003","4513","1005690024"
"40.7364299","-73.9970865999999","",215,"1",265.6797,"","AggieReverseGeocoder","",4.01,"504 AVENUE OF THE AMERICAS","New York","NY","10011","8404","1005760010"
"40.7443502","-73.9881073999999","",216,"1",1093.7546,"","AggieReverseGeocoder","",4.01,"13 W 27TH ST","New York","NY","10001","7703","1008290032"
"40.744214","-73.9757918","",217,"1",453.1464,"","AggieReverseGeocoder","",4.01,"604 2ND AVE","New York","NY","10016","4859","1009390001"
"40.7527127","-73.9834508999999","",218,"1",1029.5253,"","AggieReverseGeocoder","",4.01,"25 W 39TH ST","New York","NY","10018","3805","1008410020"
"40.7571834","-73.9707338","",219,"1",1218.7076,"","AggieReverseGeocoder","",4.01,"850 3RD AVE","New York","NY","10022","6222","1013060033"
"40.7626599","-73.9661959999999","",220,"1",421.9476,"","AggieReverseGeocoder","",4.01,"1020 3RD AVE","New York","NY","10065","8545","1013950037"
"40.786191","-73.977863","",221,"1",249.8566,"","AggieReverseGeocoder","",4.01,"2290 BROADWAY","New York","NY","10024","4902","1012300043"
"40.7157714","-74.0052273","",222,"1",562.4925,"","AggieReverseGeocoder","",4.01,"317 BROADWAY","New York","NY","10007","1127","1001510028"
"40.7161841","-74.0106827999999","",223,"1",1593.4766,"","AggieReverseGeocoder","",4.01,"303 GREENWICH ST","New York","NY","10013","3962","1001407501"
"40.7185119","-74.001164","",224,"1",562.3121,"","AggieReverseGeocoder","",4.01,"262 CANAL ST","New York","NY","10013","3516","1001960017"
"40.714946","-73.9972829999999","",225,"1",578.1,"","AggieReverseGeocoder","",4.01,"26 BOWERY","New York","NY","10013","5159","1001630035"
"40.712947","-73.9892529999999","",226,"1",593.7524,"","AggieReverseGeocoder","",4.01,"213 MADISON ST","New York","NY","10002","7505","1002710040"
"40.718942","-73.988294","",227,"1",312.4779,"","AggieReverseGeocoder","",4.01,"114 DELANCEY ST","New York","NY","10002","3202","1004100064"
"40.7288080999999","-74.0050378","",228,"1",312.5517,"","AggieReverseGeocoder","",4.01,"206 VARICK ST","New York","NY","10014","4302","1005280021"
"40.730751","-74.0010949999999","",229,"1",265.9077,"","AggieReverseGeocoder","",4.01,"136 W 3RD ST","New York","NY","10012","1209","1005430010"
"40.7291149","-73.9932840999999","",230,"1",265.6432,"","AggieReverseGeocoder","",4.01,"724 BROADWAY","New York","NY","10003","9501","1005450014"
"40.7257658","-73.9866260999999","",231,"1",2827.9848,"","AggieReverseGeocoder","",4.01,"129 E 4TH ST","New York","NY","10003","0708","1004460037"
"40.7309045","-73.9823653999999","",232,"1",296.8479,"","AggieReverseGeocoder","",4.01,"404 E 14TH ST","New York","NY","10009","3477","1004417502"
"40.7374344","-73.9967848","",233,"1",625.0215,"","AggieReverseGeocoder","",4.01,"530 AVENUE OF THE AMERICAS","New York","NY","10011","2003","1008160001"
"40.737081","-73.990802","",234,"1",265.4864,"","AggieReverseGeocoder","",4.01,"39 UNION SQ W","New York","NY","10003","3219","1008440025"
"40.741901","-73.993191","",235,"1",281.2969,"","AggieReverseGeocoder","",4.01,"686 AVENUE OF THE AMERICAS","New York","NY","10010","5110","1008230082"
"40.740535","-73.9879169999999","",236,"1",265.6009,"","AggieReverseGeocoder","",4.01,"26 E 23RD ST","New York","NY","10010","4401","1008510056"
"40.7370236999999","-73.9794772999999","",237,"1",249.9966,"","AggieReverseGeocoder","",4.01,"338 E 23RD ST","New York","NY","10010","4701","1009280033"
"40.7429936","-73.9840302","",238,"1",249.9424,"","AggieReverseGeocoder","",4.01,"401 PARK AVE S","New York","NY","10016","8808","1008830088"
"40.745044","-73.9786009","",239,"1",1031.2305,"","AggieReverseGeocoder","",4.01,"471 3RD AVE","New York","NY","10016","6021","1009130001"
"40.747948","-73.9845139999999","",240,"1",1078.1361,"","AggieReverseGeocoder","",4.01,"1 E 33RD ST","New York","NY","10016","5011","1008630006"
"40.749052","-73.9957489999999","",241,"1",624.9884,"","AggieReverseGeocoder","",4.01,"383 8TH AVE","New York","NY","10001","4806","1007530036"
"40.7507779","-73.9867259999999","",242,"1",265.7736,"","AggieReverseGeocoder","",4.01,"972 AVENUE OF THE AMERICAS","New York","NY","10018","5405","1008370089"
"40.7514577","-73.980451","",243,"1",265.522,"","AggieReverseGeocoder","",4.01,"278 MADISON AVE","New York","NY","10016","0987","1008690061"
"40.7509948","-73.9906333","",244,"1",625.0374,"","AggieReverseGeocoder","",4.01,"420 7TH AVE","New York","NY","10119","0017","1007830034"
"40.7504739","-73.99058","",245,"1",281.0933,"","AggieReverseGeocoder","",4.01,"429 7TH AVE","New York","NY","10001","2001","1008090005"
"40.7529521","-73.9803375","",246,"1",265.5698,"","AggieReverseGeocoder","",4.01,"18 E 42ND ST","New York","NY","10017","6923","1012760066"
"40.7476408","-73.9972555","",247,"1",249.9869,"","AggieReverseGeocoder","",4.01,"270 9TH AVE","New York","NY","10001","0009","1007510001"
"40.75248","-73.992837","",248,"1",265.7145,"","AggieReverseGeocoder","",4.01,"490 8TH AVE","New York","NY","10001","1806","1007840080"
"40.7546636","-73.9879747","",249,"1",609.3889,"","AggieReverseGeocoder","",4.01,"558 FASHION AVE","New York","NY","10018","3201","1007890043"
"40.7561728","-73.9778117999999","",250,"1",984.3773,"","AggieReverseGeocoder","",4.01,"378 MADISON AVE","New York","NY","10017","2517","1012820017"
"40.784705","-73.947161","",251,"1",406.2421,"","AggieReverseGeocoder","",4.01,"1871 2ND AVE","New York","NY","10029","7449","1016460024"
"40.77813","-73.9544655999999","",252,"1",952.5588,"","AggieReverseGeocoder","",4.01,"1502 3RD AVE","New York","NY","10028","2102","1015130040"
"40.7856163999999","-73.979078","",253,"1",281.2308,"","AggieReverseGeocoder","",4.01,"2261 BROADWAY","New York","NY","10024","5402","1012290008"
"40.7779191","-73.9825667999999","",254,"1",250.0797,"","AggieReverseGeocoder","",4.01,"2039 BROADWAY","New York","NY","10023","3702","1011620029"
"40.765887","-73.956951","",255,"1",1015.6465,"","AggieReverseGeocoder","",4.01,"400 E 70TH ST","New York","NY","10021","5387","1014647501"
"40.760891","-73.9674549999999","",256,"1",390.561,"","AggieReverseGeocoder","",4.01,"966 3RD AVE","New York","NY","10022","2052","1013120039"
"40.7660501","-73.9833663","",257,"1",1046.8551,"","AggieReverseGeocoder","",4.01,"939 8TH AVE","New York","NY","10019","4264","1010460036"
"40.7622594","-73.9837508","",258,"1",265.6256,"","AggieReverseGeocoder","",4.01,"1651 BROADWAY","New York","NY","10019","6703","1010230018"
"40.756099","-73.9649039999999","",259,"1",1171.8605,"","AggieReverseGeocoder","",4.01,"350 E 54TH ST","New York","NY","10022","5003","1013467503"
"40.763422","-73.9893351","",260,"1",249.9994,"","AggieReverseGeocoder","",4.01,"735 9TH AVE","New York","NY","10019","7201","1010590036"
"40.7577775","-73.9819653","",261,"1",984.3471,"","AggieReverseGeocoder","",4.01,"1190 AVENUE OF THE AMERICAS","New York","NY","10036","2712","1012620076"
"40.7628671","-73.9874095","",262,"1",609.4799,"","AggieReverseGeocoder","",4.01,"313 W 49TH ST","New York","NY","10019","7316","1010400050"
"40.7161534","-74.0050107","",263,"1",562.4573,"","AggieReverseGeocoder","",4.01,"325 BROADWAY","New York","NY","10007","1112","1001520025"
"40.7183138","-73.9865666","",264,"1",593.757,"","AggieReverseGeocoder","",4.01,"140 DELANCEY ST","New York","NY","10002","3325","1003530075"
"40.750155","-73.988152","",265,"1",281.321,"","AggieReverseGeocoder","",4.01,"1313 BROADWAY","New York","NY","10001","2105","1008100040"
"40.752056","-73.9899118","",266,"1",609.3477,"","AggieReverseGeocoder","",4.01,"474 FASHION AVE","New York","NY","10018","7673","1007850043"
"40.7501845","-73.9832758","",267,"1",968.7668,"","AggieReverseGeocoder","",4.01,"3 W 36TH ST","New York","NY","10018","7972","1008380038"
"40.7580219","-73.9909139999999","",268,"1",265.4595,"","AggieReverseGeocoder","",4.01,"327 W 42ND ST","New York","NY","10036","6913","1010330018"
"40.7780962","-73.9530227999999","",269,"1",937.6232,"","AggieReverseGeocoder","",4.01,"222 E 86TH ST","New York","NY","10028","3147","1015310037"
"40.7295089","-73.9927664","",270,"1",281.2594,"","AggieReverseGeocoder","",4.01,"736 BROADWAY","New York","NY","10003","9519","1005450022"
"40.7324792","-73.9961887","",271,"1",656.2274,"","AggieReverseGeocoder","",4.01,"3 W 8TH ST","New York","NY","10011","9001","1005720045"
"40.7695029","-73.9164713999999","",272,"1",1171.7946,"","AggieReverseGeocoder","",4.01,"3310 ASTORIA BLVD","New York","NY","11103","4412","4006310026"
"40.7738547","-73.9503411","",273,"1",937.4942,"","AggieReverseGeocoder","",4.01,"416 E 82ND ST","New York","NY","10028","5902","1015610037"
"40.7308646","-73.9926571","",274,"1",265.5738,"","AggieReverseGeocoder","",4.01,"60 E 9TH ST","New York","NY","10003","6402","1005607503"
"40.74796817","-73.987813","",275,"1",265.6419,"","AggieReverseGeocoder","",4.01,"1240 BROADWAY","New York","NY","10001","3705","1008330011"
"40.75647768","-73.97431612","",276,"1",1062.4948,"","AggieReverseGeocoder","",4.01,"299 PARK AVE","NEW YORK","NY","10171","0002","1013030001"
"40.76202819","-73.97225618","",277,"1",437.5073,"","AggieReverseGeocoder","",4.01,"571 MADISON AVE","New York","NY","10022","2504","1012920052"
"40.72191677","-74.00431395","",278,"1",1265.6482,"","AggieReverseGeocoder","",4.01,"306 W BROADWAY","New York","NY","10013","2225","1002270028"
"40.74991481","-73.99108529","",279,"1",265.6042,"","AggieReverseGeocoder","",4.01,"139 W 32ND ST","New York","NY","10001","3206","1008087501"
"40.76055325","-73.98489475","",280,"1",265.6354,"","AggieReverseGeocoder","",4.01,"1601 BROADWAY","New York","NY","10019","7434","1010200046"
"40.71913583","-74.00022626","",281,"1",531.0981,"","AggieReverseGeocoder","",4.01,"138 LAFAYETTE ST","New York","NY","10013","3161","1002090019"
"40.7619835","-73.98266315","",282,"1",1000.0134,"","AggieReverseGeocoder","",4.01,"1652 BROADWAY","New York","NY","10019","6234","1010230029"
"40.76287739","-73.98197651","",283,"1",1078.1737,"","AggieReverseGeocoder","",4.01,"1680 BROADWAY","New York","NY","10019","5808","1010240038"
"40.76256249","-73.97882491","",284,"1",1203.1243,"","AggieReverseGeocoder","",4.01,"120 W 55TH ST","New York","NY","10019","5305","1010070029"
"40.75878165","-73.98691177","",285,"1",296.8731,"","AggieReverseGeocoder","",4.01,"1531 BROADWAY","New York","NY","10036","4075","1010170029"
"40.75279402","-73.99360925","",286,"1",265.6366,"","AggieReverseGeocoder","",4.01,"481 8TH AVE","New York","NY","10001","1809","1007580037"
"40.7574272","-73.9892421999999","",287,"1",609.4311,"","AggieReverseGeocoder","",4.01,"270 W 42ND ST","New York","NY","10036","7202","1010140058"
"40.7556198","-73.9823198","",288,"1",296.8453,"","AggieReverseGeocoder","",4.01,"47 W 43RD ST","New York","NY","10036","7407","1012590011"
"40.7220205","-74.0043036999999","",289,"1",312.6063,"","AggieReverseGeocoder","",4.01,"306 W BROADWAY","New York","NY","10013","2225","1002270028"
"40.750354","-73.9734632999999","",290,"1",1203.1842,"","AggieReverseGeocoder","",4.01,"219 E 42ND ST","New York","NY","10017","5701","1013160012"
"40.77290844","-73.97442341","",291,"1",1046.9047,"","AggieReverseGeocoder","",4.01,"88 CENTRAL PARK W","New York","NY","10023","5209","1011210036"
"40.72583184","-73.99755478","",292,"1",1187.5265,"","AggieReverseGeocoder","",4.01,"18 W HOUSTON ST","New York","NY","10012","1503","1005230048"
"40.72765716","-73.99955034","",293,"1",281.1839,"","AggieReverseGeocoder","",4.01,"504 LAGUARDIA PL","New York","NY","10012","2551","1005250051"
"40.76397035","-73.97236347","",294,"1",1484.383,"","AggieReverseGeocoder","",4.01,"5 E 59TH ST","New York","NY","10022","1027","1013740005"
"40.77533371","-73.96882296","",295,"1",1203.1303,"","AggieReverseGeocoder","",4.01,"2 E 75TH ST","New York","NY","10021","2631","1013890067"
"40.74874033","-73.98486257","",296,"1",1140.6786,"","AggieReverseGeocoder","",4.01,"1 W 34TH ST","New York","NY","10001","3011","1008360033"
"40.76163813","-73.99008751","",297,"1",656.245,"","AggieReverseGeocoder","",4.01,"682 9TH AVE","New York","NY","10036","3603","1010380001"
"40.72135571","-74.00055885","",298,"1",296.875,"","AggieReverseGeocoder","",4.01,"473 BROADWAY","New York","NY","10013","2679","1004747504"
"40.73286862","-74.00304794","",299,"1",281.2257,"","AggieReverseGeocoder","",4.01,"91 7TH AVE S","New York","NY","10014","3415","1005910015"
"40.76716","-73.96382","",300,"1",453.1409,"","AggieReverseGeocoder","",4.01,"153 E 67TH ST","New York","NY","10065","5964","1014020025"
"40.7539","-73.99489","",301,"1",265.6409,"","AggieReverseGeocoder","",4.01,"357 W 35TH ST","New York","NY","10001","1701","1007590008"
"40.71111763","-74.01027918","",302,"1",515.6675,"","AggieReverseGeocoder","",4.01,"55 CHURCH ST","New York","NY","10007","2910","1000800004"
"40.7348279","-73.99126768","",303,"1",312.466,"","AggieReverseGeocoder","",4.01,"44 E 14TH ST","New York","NY","10003","4139","1005650011"
"40.76482","-73.98523","",304,"1",328.1018,"","AggieReverseGeocoder","",4.01,"306 W 54TH ST","New York","NY","10019","5102","1010440038"
"40.72024","-74.00712","",305,"1",593.7846,"","AggieReverseGeocoder","",4.01,"14 BEACH ST","New York","NY","10013","2425","1001900033"
"40.78934","-73.94769","",306,"1",422.1064,"","AggieReverseGeocoder","",4.01,"162 E 102ND ST","New York","NY","10029","5721","1016290047"
"40.78522","-73.9699","",307,"1",281.2512,"","AggieReverseGeocoder","",4.01,"257 CENTRAL PARK W","New York","NY","10024","4103","1011990036"
"40.71643","-73.98393","",308,"1",671.8553,"","AggieReverseGeocoder","",4.01,"132 BROOME ST","New York","NY","10002","4002","1003420060"
"40.73675","-73.98286","",309,"1",1187.6486,"","AggieReverseGeocoder","",4.01,"224 E 21ST ST","New York","NY","10010","7421","1009010045"
"40.71617","-73.99751","",310,"1",640.6306,"","AggieReverseGeocoder","",4.01,"19 ELIZABETH ST","New York","NY","10013","4803","1002010020"
"40.73405","-74.00543","",311,"1",281.2283,"","AggieReverseGeocoder","",4.01,"229 W 10TH ST","New York","NY","10014","2978","1006200033"
"40.72654","-73.98783","",312,"1",1812.5134,"","AggieReverseGeocoder","",4.01,"318 E 6TH ST","New York","NY","10003","8709","1004470015"
"40.74267","-73.99867","",313,"1",749.9784,"","AggieReverseGeocoder","",4.01,"243 W 19TH ST","New York","NY","10011","4001","1007690014"
"40.75689","-73.97054","",314,"1",468.7341,"","AggieReverseGeocoder","",4.01,"850 3RD AVE","New York","NY","10022","6222","1013060033"
"40.78403","-73.97506","",315,"1",343.7853,"","AggieReverseGeocoder","",4.01,"110 W 82ND ST","New York","NY","10024","5502","1012120038"
"40.77154952","-73.98186117","",316,"1",281.3045,"","AggieReverseGeocoder","",4.01,"20 W 64TH ST","New York","NY","10023","7104","1011167501"
"40.76014692","-73.98450851","",317,"1",1093.7272,"","AggieReverseGeocoder","",4.01,"1604 BROADWAY","New York","NY","10019","7409","1010200038"
"40.72949464","-74.00084853","",318,"1",1390.7077,"","AggieReverseGeocoder","",4.01,"106 MACDOUGAL ST","New York","NY","10012","1268","1005400002"
"40.7329987","-74.00294065","",319,"1",265.6366,"","AggieReverseGeocoder","",4.01,"97 7TH AVE S","New York","NY","10014","3415","1005910017"
"40.73250278","-74.00324106","",320,"1",640.6234,"","AggieReverseGeocoder","",4.01,"22 BARROW ST","New York","NY","10014","3822","1005910036"
"40.73664891","-74.00077343","",321,"1",265.6462,"","AggieReverseGeocoder","",4.01,"1 7TH AVE S","New York","NY","10014","3943","1006070001"
"40.77332078","-73.98139179","",322,"1",296.8455,"","AggieReverseGeocoder","",4.01,"2 LINCOLN SQ","New York","NY","10023","6229","1011180001"
"40.77153734","-73.98187995","",323,"1",281.2437,"","AggieReverseGeocoder","",4.01,"20 W 64TH ST","New York","NY","10023","7104","1011167501"
"40.77053387","-73.98229837","",324,"1",1031.2696,"","AggieReverseGeocoder","",4.01,"62 W 62ND ST","New York","NY","10023","7000","1011147502"
"40.72945398","-74.00086999","",325,"1",1234.3201,"","AggieReverseGeocoder","",4.01,"104 MACDOUGAL ST","New York","NY","10012","1248","1005400001"
"40.73330357","-74.0023452","",326,"1",624.9933,"","AggieReverseGeocoder","",4.01,"80 GROVE ST","New York","NY","10014","3546","1005920040"
"40.73265318","-74.00312841","",327,"1",266.0913,"","AggieReverseGeocoder","",4.01,"18 BARROW ST","New York","NY","10014","3822","1005910034"
"40.73083612","-74.00467873","",328,"1",281.1708,"","AggieReverseGeocoder","",4.01,"59 BEDFORD ST","New York","NY","10014","4419","1005830029"
"40.72974668","-74.00364876","",329,"1",265.5916,"","AggieReverseGeocoder","",4.01,"54 CARMINE ST","New York","NY","10014","4424","1005270053"
"40.76778544","-73.98369312","",330,"1",281.2413,"","AggieReverseGeocoder","",4.01,"315 W 57TH ST","New York","NY","10019","3158","1010480020"
"40.76625781","-73.98360729","",331,"1",1031.2576,"","AggieReverseGeocoder","",4.01,"959 8TH AVE","New York","NY","10019","3737","1010477502"
"40.72794173","-73.99892807","",332,"1",1218.7494,"","AggieReverseGeocoder","",4.01,"509 LAGUARDIA PL","New York","NY","10012","1520","1005240009"
"40.73090116","-74.00136352","",333,"1",656.2447,"","AggieReverseGeocoder","",4.01,"304 AVENUE OF THE AMERICAS","New York","NY","10014","6927","1005430001"
"40.73032392","-74.00009751","",334,"1",640.6417,"","AggieReverseGeocoder","",4.01,"130 MACDOUGAL ST","New York","NY","10012","5030","1005400014"
"40.73220197","-74.00069833","",335,"1",624.9889,"","AggieReverseGeocoder","",4.01,"357 AVENUE OF THE AMERICAS","New York","NY","10014","3821","1005920019"
"40.76360061","-73.98289919","",336,"1",265.6571,"","AggieReverseGeocoder","",4.01,"1691 BROADWAY","New York","NY","10019","5903","1010250019"
"40.71887562","-74.00112748","",337,"1",1546.8823,"","AggieReverseGeocoder","",4.01,"261 CANAL ST","New York","NY","10013","3568","1002090028"
"40.71841212","-73.9999634","",338,"1",593.7589,"","AggieReverseGeocoder","",4.01,"243 CANAL ST","New York","NY","10013","4119","1002080020"
"40.71859915","-74.00252759","",339,"1",1593.7899,"","AggieReverseGeocoder","",4.01,"396 BROADWAY","New York","NY","10013","3500","1001950007"
"40.76346247","-73.98135424","",340,"1",984.3707,"","AggieReverseGeocoder","",4.01,"162 W 54TH ST","New York","NY","10019","5345","1010060063"
"40.76197537","-73.98362875","",341,"1",984.4896,"","AggieReverseGeocoder","",4.01,"1648 BROADWAY","New York","NY","10019","6815","1010220035"
"40.7632837","-73.98166001","",342,"1",1031.1683,"","AggieReverseGeocoder","",4.01,"828 7TH AVE","New York","NY","10019","5811","1010257501"
"40.75816604","-73.98909509","",343,"1",624.9535,"","AggieReverseGeocoder","",4.01,"687 8TH AVE","New York","NY","10036","7113","1010340031"
"40.75821074","-73.98906291","",344,"1",578.1071,"","AggieReverseGeocoder","",4.01,"689 8TH AVE","New York","NY","10036","7112","1010340032"
"40.71054835","-74.01070833","",345,"1",531.2557,"","AggieReverseGeocoder","",4.01,"19 CHURCH ST","NEW YORK","NY","10279","2705","1000630006"
"40.71308568","-74.01549339","",346,"1",2015.6351,"","AggieReverseGeocoder","",4.01,"200 VESEY ST","New York","NY","10285","1000","1000160140"
"40.71358581","-74.00840163","",347,"1",1421.9004,"","AggieReverseGeocoder","",4.01,"23 PARK PL","New York","NY","10007","2509","1001240010"
"40.71346789","-74.00815487","",348,"1",1484.3657,"","AggieReverseGeocoder","",4.01,"9 PARK PL","New York","NY","10007","2800","1001240004"
"40.71341707","-74.00801539","",349,"1",1437.6154,"","AggieReverseGeocoder","",4.01,"9 PARK PL","New York","NY","10007","2800","1001240004"
"40.71802993","-74.00305867","",350,"1",1375.0031,"","AggieReverseGeocoder","",4.01,"377 BROADWAY","New York","NY","10013","3907","1001757501"
"40.71949769","-74.00438368","",351,"1",1437.5409,"","AggieReverseGeocoder","",4.01,"16 WALKER ST","New York","NY","10013","2421","1001920001"
"40.71968065","-74.00511324","",352,"1",1546.9244,"","AggieReverseGeocoder","",4.01,"16 WALKER ST","New York","NY","10013","2421","1001920001"
"40.71560258","-73.9979893","",353,"1",593.7265,"","AggieReverseGeocoder","",4.01,"66 BAYARD ST","New York","NY","10013","4940","1002010032"
"40.71716593","-73.99723291","",354,"1",531.2113,"","AggieReverseGeocoder","",4.01,"94 MOTT ST","New York","NY","10013","4601","1002040001"
"40.76826079","-73.98326397","",355,"1",999.9967,"","AggieReverseGeocoder","",4.01,"345 W 58TH ST","New York","NY","10019","1145","1010490001"
"40.72285998","-74.0013957","",356,"1",250.0403,"","AggieReverseGeocoder","",4.01,"470 BROOME ST","New York","NY","10013","5309","1004860032"
"40.72306936","-73.99874568","",357,"1",1374.9755,"","AggieReverseGeocoder","",4.01,"529 BROADWAY","New York","NY","10012","3927","1004980023"
"40.7237422","-73.99882615","",358,"1",265.6336,"","AggieReverseGeocoder","",4.01,"545 BROADWAY","New York","NY","10012","3921","1004980016"
"40.72606356","-74.00238276","",359,"1",296.8653,"","AggieReverseGeocoder","",4.01,"119 SULLIVAN ST","New York","NY","10012","3680","1005030012"
"40.72637863","-74.00178462","",360,"1",281.2484,"","AggieReverseGeocoder","",4.01,"171 PRINCE ST","New York","NY","10012","2903","1005170037"
"40.72506348","-73.99888515","",361,"1",250.0297,"","AggieReverseGeocoder","",4.01,"103 PRINCE ST","New York","NY","10012","3218","1005130039"
"40.72503095","-73.99710953","",362,"1",1187.291,"","AggieReverseGeocoder","",4.01,"592 BROADWAY","New York","NY","10012","3396","1005110012"
"40.72491102","-73.99720609","",363,"1",1218.7804,"","AggieReverseGeocoder","",4.01,"584 BROADWAY","New York","NY","10012","3229","1005110008"
"40.72482768","-73.99492621","",364,"1",1265.6982,"","AggieReverseGeocoder","",4.01,"41 E HOUSTON ST","New York","NY","10012","2706","1005090019"
"40.72458985","-73.99478674","",365,"1",343.685,"","AggieReverseGeocoder","",4.01,"47 E HOUSTON ST","New York","NY","10012","2749","1005090021"
"40.72452481","-73.99461508","",366,"1",296.889,"","AggieReverseGeocoder","",4.01,"51 E HOUSTON ST","New York","NY","10012","2729","1005090023"
"40.7237483","-73.99162173","",367,"1",1812.5173,"","AggieReverseGeocoder","",4.01,"285 BOWERY","New York","NY","10003","7104","1004560001"
"40.72273395","-73.98907095","",368,"1",265.6292,"","AggieReverseGeocoder","",4.01,"159 E HOUSTON ST","New York","NY","10002","1004","1004170018"
"40.72316083","-73.98819119","",369,"1",3046.9108,"","AggieReverseGeocoder","",4.01,"117 E 2ND ST","New York","NY","10009","7943","1004290021"
"40.72191067","-73.98769766","",370,"1",265.6066,"","AggieReverseGeocoder","",4.01,"175 LUDLOW ST","New York","NY","10002","1548","1004120028"
"40.72116463","-73.98812413","",371,"1",265.4835,"","AggieReverseGeocoder","",4.01,"99 STANTON ST","New York","NY","10002","1405","1004110016"
"40.71971927","-73.98719341","",372,"1",2781.2952,"","AggieReverseGeocoder","",4.01,"121 RIVINGTON ST","New York","NY","10002","2340","1003530020"
"40.76148779","-73.97778153","",373,"1",296.8883,"","AggieReverseGeocoder","",4.01,"15 W 53RD ST","New York","NY","10019","5401","1012697501"
"40.74960595","-73.98779154","",374,"1",609.4165,"","AggieReverseGeocoder","",4.01,"1282 BROADWAY","New York","NY","10001","2944","1008350001"
"40.72668963","-73.99529636","",375,"1",296.8481,"","AggieReverseGeocoder","",4.01,"650 BROADWAY","New York","NY","10012","2315","1005290004"
"40.72775676","-73.9942342","",376,"1",265.6957,"","AggieReverseGeocoder","",4.01,"684 BROADWAY","New York","NY","10012","1125","1005310001"
"40.72828321","-73.99274021","",377,"1",1297.0081,"","AggieReverseGeocoder","",4.01,"403 LAFAYETTE ST","New York","NY","10003","7021","1005440005"
"40.72981578","-73.98972273","",378,"1",984.4028,"","AggieReverseGeocoder","",4.01,"29 3RD AVE","New York","NY","10003","5502","1004640006"
"40.72952716","-73.98985147","",379,"1",1031.2399,"","AggieReverseGeocoder","",4.01,"77 COOPER SQ","New York","NY","10003","7136","1004630010"
"40.72925479","-73.98852915","",380,"1",312.4783,"","AggieReverseGeocoder","",4.01,"19 SAINT MARKS PL","New York","NY","10003","7837","1004640048"
"40.74989855","-73.98798466","",381,"1",718.8216,"","AggieReverseGeocoder","",4.01,"1 HERALD SQ","New York","NY","10001","2902","1008100045"
"40.75020741","-73.98945451","",382,"1",328.116,"","AggieReverseGeocoder","",4.01,"134 W 34TH ST","New York","NY","10001","2102","1008090064"
"40.75058128","-73.98985147","",383,"1",671.8821,"","AggieReverseGeocoder","",4.01,"144 W 34TH ST","New York","NY","10001","2102","1008090069"
"40.7509389","-73.99059176","",384,"1",671.8747,"","AggieReverseGeocoder","",4.01,"433 7TH AVE","New York","NY","10001","2001","1008090080"
"40.7522129","-73.9901787","",385,"1",281.2185,"","AggieReverseGeocoder","",4.01,"470 FASHION AVE","New York","NY","10018","7600","1007850041"
"40.75211944","-73.99261415","",386,"1",296.7477,"","AggieReverseGeocoder","",4.01,"259 W 34TH ST","New York","NY","10001","2803","1007840010"
"40.75246486","-73.99327397","",387,"1",656.2332,"","AggieReverseGeocoder","",4.01,"481 8TH AVE","New York","NY","10001","1809","1007580037"
"40.75251362","-73.99422884","",388,"1",640.5862,"","AggieReverseGeocoder","",4.01,"315 W 33RD ST","New York","NY","10001","2828","1007570022"
"40.75543132","-73.99433881","",389,"1",281.2908,"","AggieReverseGeocoder","",4.01,"492 9TH AVE","New York","NY","10018","4102","1007610004"
"40.75639844","-73.98780763","",390,"1",609.3487,"","AggieReverseGeocoder","",4.01,"221 W 41ST ST","New York","NY","10036","7206","1010130042"
"40.75630701","-73.98621708","",391,"1",562.4509,"","AggieReverseGeocoder","",4.01,"1472 BROADWAY","New York","NY","10036","6578","1009950005"
"40.75666663","-73.98635924","",392,"1",687.4769,"","AggieReverseGeocoder","",4.01,"1475 BROADWAY","New York","NY","10036","6525","1009950001"
"40.73134425","-74.00066882","",393,"1",297.5537,"","AggieReverseGeocoder","",4.01,"148 W 4TH ST","New York","NY","10012","1051","1005430043"
"40.72992351","-74.00084317","",394,"1",281.1699,"","AggieReverseGeocoder","",4.01,"109 MACDOUGAL ST","New York","NY","10012","1201","1005420046"
"40.7292304","-74.00089413","",395,"1",296.8801,"","AggieReverseGeocoder","",4.01,"185 BLEECKER ST","New York","NY","10012","1415","1005400043"
"40.72948854","-73.99854988","",396,"1",265.6123,"","AggieReverseGeocoder","",4.01,"76 W 3RD ST","New York","NY","10012","1026","1005370013"
"40.73107393","-74.00265902","",397,"1",250.0396,"","AggieReverseGeocoder","",4.01,"253 BLEECKER ST","New York","NY","10014","4438","1005890009"
"40.7329235","-74.00456071","",398,"1",250.0039,"","AggieReverseGeocoder","",4.01,"39 GROVE ST","New York","NY","10014","5316","1005880070"
"40.73321211","-74.00342613","",399,"1",281.2253,"","AggieReverseGeocoder","",4.01,"59 GROVE ST","New York","NY","10014","3416","1005910060"
"40.73398241","-74.00273412","",400,"1",624.9581,"","AggieReverseGeocoder","",4.01,"223 W 4TH ST","New York","NY","10014","3147","1006100009"
"40.73582987","-74.00595009","",401,"1",640.6366,"","AggieReverseGeocoder","",4.01,"570 HUDSON ST","New York","NY","10014","2461","1006220010"
"40.73246416","-74.00155932","",402,"1",296.8513,"","AggieReverseGeocoder","",4.01,"179 W 4TH ST","New York","NY","10014","3855","1005920036"
"40.73591726","-74.00071442","",403,"1",609.3796,"","AggieReverseGeocoder","",4.01,"55 GREENWICH AVE","New York","NY","10014","2794","1006120057"
"40.7617072","-73.97940159","",404,"1",296.8903,"","AggieReverseGeocoder","",4.01,"1301 AVENUE OF THE AMERICAS","New York","NY","10019","6022","1010050029"
"40.74854119","-73.98787737","",405,"1",249.9359,"","AggieReverseGeocoder","",4.01,"1260 BROADWAY","New York","NY","10001","3203","1008340011"
"40.7493865","-73.98772717","",406,"1",296.8786,"","AggieReverseGeocoder","",4.01,"1282 BROADWAY","New York","NY","10001","2944","1008350001"
"40.71437463","-73.9990139","",407,"1",562.4061,"","AggieReverseGeocoder","",4.01,"21 MOTT ST","New York","NY","10013","5032","1001640045"
"40.71502114","-74.01134133","",408,"1",1562.5896,"","AggieReverseGeocoder","",4.01,"275 GREENWICH ST","New York","NY","10007","2150","1001327501"
"40.71376879","-74.00873959","",409,"1",1578.1231,"","AggieReverseGeocoder","",4.01,"33 WARREN ST","New York","NY","10007","2210","1001340011"
"40.7348218","-73.97933722","",410,"1",1140.6392,"","AggieReverseGeocoder","",4.01,"344 2ND AVE","New York","NY","10010","5606","1009260001"
"40.74160768","-73.97846013","",411,"1",265.6161,"","AggieReverseGeocoder","",4.01,"519 2ND AVE","New York","NY","10016","8636","1009090034"
"40.74208524","-73.97820801","",412,"1",296.8009,"","AggieReverseGeocoder","",4.01,"531 2ND AVE","New York","NY","10016","8275","1009100031"
"40.74353824","-73.97733629","",413,"1",296.8929,"","AggieReverseGeocoder","",4.01,"577 2ND AVE","New York","NY","10016","6377","1009120036"
"40.74366423","-73.97734165","",414,"1",1156.2609,"","AggieReverseGeocoder","",4.01,"248 E 32ND ST","New York","NY","10016","6375","1009120040"
"40.74432061","-73.97651553","",415,"1",734.4319,"","AggieReverseGeocoder","",4.01,"605 2ND AVE","New York","NY","10016","4861","1009140027"
"40.74451366","-73.97637337","",416,"1",468.7779,"","AggieReverseGeocoder","",4.01,"611 2ND AVE","New York","NY","10016","4993","1009140030"
"40.72533993","-73.99231911","",417,"1",1671.9637,"","AggieReverseGeocoder","",4.01,"1 BLEECKER ST","New York","NY","10012","2402","1005297505"
"40.7791847","-73.96267533","",418,"1",1125.0582,"","AggieReverseGeocoder","",4.01,"2 E 82ND ST","New York","NY","10028","0304","1014930068"
"40.77859975","-73.96341562","",419,"1",1125.0084,"","AggieReverseGeocoder","",4.01,"2 E 82ND ST","New York","NY","10028","0304","1014930068"
"40.74829735","-73.98926407","",420,"1",281.1985,"","AggieReverseGeocoder","",4.01,"875 AVENUE OF THE AMERICAS","New York","NY","10001","3507","1008070039"
"40.734795","-73.989691","",421,"1",1109.3453,"","AggieReverseGeocoder","",4.01,"20 UNION SQ E","New York","NY","10003","3218","1008710001"
"40.7346942","-73.9905871","",422,"1",1046.8359,"","AggieReverseGeocoder","",4.01,"842 BROADWAY","New York","NY","10003","4818","1005650021"
"40.7639807","-73.9716177","",423,"1",500.0099,"","AggieReverseGeocoder","",4.01,"650 MADISON AVE","New York","NY","10022","1029","1013740014"
"40.7684141","-73.9827037","",424,"1",1031.2703,"","AggieReverseGeocoder","",4.01,"1841 BROADWAY","New York","NY","10023","7603","1011130018"
"40.7598051","-73.9665145999999","",425,"1",1297.0367,"","AggieReverseGeocoder","",4.01,"220 E 57TH ST","New York","NY","10022","2805","1013300038"
"40.7238111","-73.9923524","",426,"1",1765.5821,"","AggieReverseGeocoder","",4.01,"271 BOWERY","New York","NY","10002","1201","1004270014"
"40.7450809","-73.9953522999999","",427,"1",281.2746,"","AggieReverseGeocoder","",4.01,"252 7TH AVE","New York","NY","10001","7326","1007747501"
"40.7224201999999","-73.9824775","",428,"1",2828.102,"","AggieReverseGeocoder","",4.01,"212 E 3RD ST","New York","NY","10009","7437","1003850011"
"40.7637931","-73.9722014","",429,"1",1125.0057,"","AggieReverseGeocoder","",4.01,"650 MADISON AVE","New York","NY","10022","1029","1013740014"
"40.7751164","-73.982656","",430,"1",328.0962,"","AggieReverseGeocoder","",4.01,"1981 BROADWAY","New York","NY","10023","5801","1011390014"
"40.7250796","-73.9990616999999","",431,"1",296.6998,"","AggieReverseGeocoder","",4.01,"103 PRINCE ST","New York","NY","10012","3218","1005130039"
"40.7412225","-74.0055041","",432,"1",265.7668,"","AggieReverseGeocoder","",4.01,"47 9TH AVE","New York","NY","10011","7001","1007120029"
"40.7616122","-73.9740186999999","",433,"1",1140.6307,"","AggieReverseGeocoder","",4.01,"1 E 55TH ST","New York","NY","10022","3177","1012910001"
"40.7141052","-74.0038668","",434,"1",593.8225,"","AggieReverseGeocoder","",4.01,"2 LAFAYETTE ST","New York","NY","10007","1307","1001550001"
"40.7163623","-73.9839341","",435,"1",531.1034,"","AggieReverseGeocoder","",4.01,"132 BROOME ST","New York","NY","10002","4002","1003420060"
"40.736597","-73.9831950999999","",436,"1",1109.3932,"","AggieReverseGeocoder","",4.01,"224 E 21ST ST","New York","NY","10010","7421","1009010045"
"40.716188","-73.9974869999999","",437,"1",593.7289,"","AggieReverseGeocoder","",4.01,"19 ELIZABETH ST","New York","NY","10013","4803","1002010020"
"40.7264639","-73.9879326999999","",438,"1",1609.388,"","AggieReverseGeocoder","",4.01,"318 E 6TH ST","New York","NY","10003","8709","1004470015"
"40.735547","-73.9942972","",439,"1",609.118,"","AggieReverseGeocoder","",4.01,"2 W 13TH ST","New York","NY","10011","7902","1005760036"
"40.7370364","-73.9923989","",440,"1",624.9856,"","AggieReverseGeocoder","",4.01,"8 E 16TH ST","New York","NY","10003","3105","1008430041"
"40.715531","-74.0114691","",441,"1",1421.8997,"","AggieReverseGeocoder","",4.01,"292 GREENWICH ST","New York","NY","10007","1048","1001420001"
"40.740167","-73.9942681999999","",442,"1",296.8555,"","AggieReverseGeocoder","",4.01,"634 AVENUE OF THE AMERICAS","New York","NY","10011","2001","1008200001"
"40.772511","-73.9817838","",443,"1",312.4958,"","AggieReverseGeocoder","",4.01,"1920 BROADWAY","New York","NY","10023","6915","1011170001"
"40.7608662","-73.9610606","",444,"1",1234.3811,"","AggieReverseGeocoder","",4.01,"401 E 60TH ST","New York","NY","10022","1555","1014557501"
"40.7194449","-74.0058938999999","",445,"1",609.4073,"","AggieReverseGeocoder","",4.01,"2 WHITE ST","New York","NY","10013","2405","1001910013"
"40.737633","-73.9922022","",446,"1",578.1343,"","AggieReverseGeocoder","",4.01,"5 E 16TH ST","New York","NY","10003","3112","1008447501"
"40.7684141","-73.9827037","",447,"1",0,"","AggieReverseGeocoder","",4.01,"1841 BROADWAY","New York","NY","10023","7603","1011130018"
"40.7677792","-73.9681160999999","",448,"1",406.2477,"","AggieReverseGeocoder","",4.01,"771 MADISON AVE","New York","NY","10065","6509","1013800052"
"40.759","-73.979","",449,"1",1031.2679,"","AggieReverseGeocoder","",4.01,"1260 AVENUE OF THE AMERICAS","New York","NY","10020","1701","1012660001"
"40.7394093","-73.9756237","",450,"1",1265.6086,"","AggieReverseGeocoder","",4.01,"327 E 26TH ST","New York","NY","10010","1902","1009320017"
"40.72504","-73.9835299999999","",451,"1",234.3568,"","AggieReverseGeocoder","",4.01,"506 E 6TH ST","New York","NY","10009","6658","1004010013"
"40.7298842","-73.996078","",452,"1",265.4177,"","AggieReverseGeocoder","",4.01,"82 WASHINGTON SQ E","New York","NY","10003","6680","1005460005"
"40.7298171","-73.9942236","",453,"1",593.729,"","AggieReverseGeocoder","",4.01,"10 WAVERLY PL","New York","NY","10003","6758","1005470018"
"40.7298092","-73.9880819","",454,"1",296.893,"","AggieReverseGeocoder","",4.01,"28 STUYVESANT ST","New York","NY","10003","7506","1004650037"
"40.7310431","-73.9957041","",455,"1",265.398,"","AggieReverseGeocoder","",4.01,"1 WASHINGTON SQ N","New York","NY","10003","6654","1005500001"
"40.7332774","-73.9946310999999","",456,"1",296.942,"","AggieReverseGeocoder","",4.01,"7 E 10TH ST","New York","NY","10003","5903","1005680032"
"40.7522951","-73.9780658","",457,"1",984.0949,"","AggieReverseGeocoder","",4.01,"77 E 42ND ST","New York","NY","10017","5503","1012800001"
"40.77383875","-73.96663427","",458,"1",1187.4158,"","AggieReverseGeocoder","",4.01,"4 E 74TH ST","New York","NY","10021","2605","1013880067"
"40.7301979","-73.9982307","",459,"1",625.0103,"","AggieReverseGeocoder","",4.01,"55 WASHINGTON SQ S","New York","NY","10012","1018","1005410023"
"40.7692521","-73.980968","",460,"1",984.3775,"","AggieReverseGeocoder","",4.01,"15 CENTRAL PARK W","New York","NY","10023","7708","1011140029"
"40.77378594","-73.97126913","",461,"1",1031.2567,"","AggieReverseGeocoder","",4.01,"4 E 72ND ST","New York","NY","10021","4144","1013860064"
"40.76828516","-73.97199869","",462,"1",1031.2206,"","AggieReverseGeocoder","",4.01,"3 E 64TH ST","New York","NY","10065","7002","1013790005"
"40.75384855","-73.98416519","",463,"1",265.6297,"","AggieReverseGeocoder","",4.01,"1060 AVENUE OF THE AMERICAS","New York","NY","10018","3795","1012570002"
"40.78934326","-73.96187067","",464,"1",1124.9808,"","AggieReverseGeocoder","",4.01,"350 CENTRAL PARK W","New York","NY","10025","6547","1012080029"
"40.77844133","-73.96802902","",465,"1",1140.6144,"","AggieReverseGeocoder","",4.01,"2 E 78TH ST","New York","NY","10075","1706","1013920068"
"40.76755386","-73.97265315","",466,"1",1046.9843,"","AggieReverseGeocoder","",4.01,"2 E 63RD ST","New York","NY","10065","7210","1013770066"
"40.76825266","-73.97719145","",467,"1",1015.6406,"","AggieReverseGeocoder","",4.01,"160 CENTRAL PARK S","New York","NY","10019","1502","1010117501"
"40.76771637","-73.97178411","",468,"1",999.9717,"","AggieReverseGeocoder","",4.01,"3 E 64TH ST","New York","NY","10065","7002","1013790005"
"40.78001743","-73.9688766","",469,"1",1375.019,"","AggieReverseGeocoder","",4.01,"200 CENTRAL PARK W","New York","NY","10024","5102","1011300001"
"40.75873695","-73.97910118","",470,"1",1000.005,"","AggieReverseGeocoder","",4.01,"1230 AVENUE OF THE AMERICAS","New York","NY","10020","1513","1012640005"
"40.75249533","-73.97755623","",471,"1",296.9556,"","AggieReverseGeocoder","",4.01,"77 E 42ND ST","New York","NY","10017","5503","1012800001"
"40.77566276","-73.94415736","",472,"1",1031.2035,"","AggieReverseGeocoder","",4.01,"170 E END AVE","New York","NY","10128","7600","1015840023"
"40.77225844","-73.97782445","",473,"1",1000.0165,"","AggieReverseGeocoder","",4.01,"65 CENTRAL PARK W","New York","NY","10023","6007","1011190029"
"40.75886698","-73.97794247","",474,"1",1124.9003,"","AggieReverseGeocoder","",4.01,"1260 AVENUE OF THE AMERICAS","New York","NY","10020","1701","1012660001"
"40.759574","-73.97704124","",475,"1",1156.5226,"","AggieReverseGeocoder","",4.01,"1260 AVENUE OF THE AMERICAS","New York","NY","10020","1701","1012660001"
"40.76446604","-73.97130132","",476,"1",1125.0163,"","AggieReverseGeocoder","",4.01,"652 MADISON AVE","New York","NY","10065","8400","1013750016"
"40.7619063","-73.96719217","",477,"1",1234.4921,"","AggieReverseGeocoder","",4.01,"743 LEXINGTON AVE","New York","NY","10022","1220","1013940023"
"40.72250221","-73.9995718","",478,"1",265.6533,"","AggieReverseGeocoder","",4.01,"511 BROADWAY","New York","NY","10012","4441","1004840017"
"40.72581151","-73.99691105","",479,"1",281.2937,"","AggieReverseGeocoder","",4.01,"18 W HOUSTON ST","New York","NY","10012","1503","1005230048"
"40.78067954","-73.96178484","",480,"1",1140.6451,"","AggieReverseGeocoder","",4.01,"3 E 84TH ST","New York","NY","10028","0407","1014960006"
"40.71308568","-74.01547194","",481,"1",1359.35,"","AggieReverseGeocoder","",4.01,"200 VESEY ST","New York","NY","10285","1000","1000160140"
"40.75068694","-73.99248004","",482,"1",312.469,"","AggieReverseGeocoder","",4.01,"4 PENN PLZ","New York","NY","10121","0004","1007810001"
"40.73065726","-73.99865985","",483,"1",656.2934,"","AggieReverseGeocoder","",4.01,"51 WASHINGTON SQ S","New York","NY","10012","1018","1005410018"
"40.75085356","-73.99404645","",484,"1",249.989,"","AggieReverseGeocoder","",4.01,"4 PENN PLZ","New York","NY","10121","0004","1007810001"
"40.74115246","-73.98794979","",485,"1",1046.896,"","AggieReverseGeocoder","",4.01,"2 MADISON ST","New York","NY","10038","1252","1008520001"
"40.76066295","-73.9608407","",486,"1",484.3618,"","AggieReverseGeocoder","",4.01,"401 E 60TH ST","New York","NY","10022","1555","1014557501"
"40.74000221","-73.99479747","",487,"1",640.6152,"","AggieReverseGeocoder","",4.01,"634 AVENUE OF THE AMERICAS","New York","NY","10011","2001","1008200001"
"40.74122968","-74.00573015","",488,"1",609.3972,"","AggieReverseGeocoder","",4.01,"47 9TH AVE","New York","NY","10011","7001","1007120029"
"40.73965673","-73.99493694","",489,"1",296.8756,"","AggieReverseGeocoder","",4.01,"604 AVENUE OF THE AMERICAS","New York","NY","10011","2018","1008190077"
"40.72091256","-74.00439978","",490,"1",796.8766,"","AggieReverseGeocoder","",4.01,"374 CANAL ST","New York","NY","10013","2206","1002110028"
"40.71969488","-74.00269389","",491,"1",625.0246,"","AggieReverseGeocoder","",4.01,"304 CANAL ST","New York","NY","10013","2521","1002100018"
"40.71965015","-74.00227815","",492,"1",1640.8864,"","AggieReverseGeocoder","",4.01,"296 CANAL ST","New York","NY","10013","2521","1002100021"
"40.71893254","-74.00111675","",493,"1",1656.2503,"","AggieReverseGeocoder","",4.01,"261 CANAL ST","New York","NY","10013","3568","1002090028"
"40.71886749","-74.00265098","",494,"1",640.847,"","AggieReverseGeocoder","",4.01,"60 WALKER ST","New York","NY","10013","3514","1001940042"
"40.71546027","-73.99876714","",495,"1",609.3619,"","AggieReverseGeocoder","",4.01,"51 MOTT ST","New York","NY","10013","5044","1001640025"
"40.71931879","-74.00100946","",496,"1",531.1903,"","AggieReverseGeocoder","",4.01,"273 CANAL ST","New York","NY","10013","3515","1002090034"
"40.71861134","-74.00079757","",497,"1",1515.7514,"","AggieReverseGeocoder","",4.01,"254 CANAL ST","New York","NY","10013","3501","1001960021"
"40.7583428","-73.97094727","",498,"1",1265.5909,"","AggieReverseGeocoder","",4.01,"599 LEXINGTON AVE","New York","NY","10022","6030","1013070023"
"40.73535632","-73.98952961","",499,"1",296.9851,"","AggieReverseGeocoder","",4.01,"20 UNION SQ E","New York","NY","10003","3218","1008710001"
"40.7419816","-74.00518298","",500,"1",281.2213,"","AggieReverseGeocoder","",4.01,"401 W 15TH ST","New York","NY","10011","7003","1007130001"
"40.75888729","-73.98474455","",501,"1",1078.2297,"","AggieReverseGeocoder","",4.01,"1568 BROADWAY","New York","NY","10036","8201","1009990065"
"40.71326459","-74.00767207","",502,"1",1562.532,"","AggieReverseGeocoder","",4.01,"250 BROADWAY","New York","NY","10007","2516","1001240024"
"40.71513498","-74.0005374","",503,"1",1640.6382,"","AggieReverseGeocoder","",4.01,"80 CENTRE ST","New York","NY","10013","4306","1001660027"
"40.71774735","-73.99622977","",504,"1",1609.5025,"","AggieReverseGeocoder","",4.01,"161 HESTER ST","New York","NY","10013","4702","1002380033"
"40.72226641","-73.99922848","",505,"1",296.8807,"","AggieReverseGeocoder","",4.01,"506 BROADWAY","New York","NY","10012","4406","1004830008"
"40.75052033","-73.98913264","",506,"1",593.7471,"","AggieReverseGeocoder","",4.01,"441 7TH AVE","New York","NY","10001","2009","1008100001"
"40.75095516","-73.99061322","",507,"1",609.3306,"","AggieReverseGeocoder","",4.01,"433 7TH AVE","New York","NY","10001","2001","1008090080"
"40.75603476","-73.99043083","",508,"1",625.0247,"","AggieReverseGeocoder","",4.01,"620 8TH AVE","New York","NY","10018","1618","1010120001"
"40.75045124","-73.9874804","",509,"1",312.5455,"","AggieReverseGeocoder","",4.01,"1 HERALD SQ","New York","NY","10001","2902","1008100045"
"40.74846804","-73.98851037","",510,"1",671.8599,"","AggieReverseGeocoder","",4.01,"894 AVENUE OF THE AMERICAS","New York","NY","10001","3508","1008340001"
"40.77314407","-73.98389697","",511,"1",296.8511,"","AggieReverseGeocoder","",4.01,"60 COLUMBUS AVE","New York","NY","10023","6904","1011340001"
"40.75813963","-73.97733092","",512,"1",1031.2996,"","AggieReverseGeocoder","",4.01,"1260 AVENUE OF THE AMERICAS","New York","NY","10020","1701","1012660001"
"40.76193474","-73.96654844","",513,"1",468.7019,"","AggieReverseGeocoder","",4.01,"743 LEXINGTON AVE","New York","NY","10022","1220","1013940023"
"40.74977663","-73.99229765","",514,"1",250.0084,"","AggieReverseGeocoder","",4.01,"392 7TH AVE","New York","NY","10001","3902","1007810002"
"40.75915547","-73.98141861","",515,"1",281.3892,"","AggieReverseGeocoder","",4.01,"1221 AVENUE OF THE AMERICAS","New York","NY","10020","1001","1010010029"
"40.71688335","-74.01619077","",516,"1",609.435,"","AggieReverseGeocoder","",4.01,"20 RIVER TER","New York","NY","10282","1203","1000160180"
"40.74850462","-74.0083158","",517,"1",593.5754,"","AggieReverseGeocoder","",4.01,"154 11TH AVE","New York","NY","10011","2810","1006930064"
"40.71249202","-73.98856401","",518,"1",546.8999,"","AggieReverseGeocoder","",4.01,"300 CHERRY ST","New York","NY","10002","7556","1002560001"
"40.7110607","-73.99311304","",519,"1",2577.9883,"","AggieReverseGeocoder","",4.01,"58 MARKET ST","New York","NY","10002","7315","1002540051"
"40.71070287","-73.99691105","",520,"1",562.5059,"","AggieReverseGeocoder","",4.01,"7 MADISON ST","New York","NY","10038","1202","1001110160"
"40.75724568","-73.95411372","",521,"1",484.2517,"","AggieReverseGeocoder","",4.01,"40 RIVER RD","New York","NY","10044","1135","1013730001"
"40.76056341","-74.0031673","",522,"1",593.8733,"","AggieReverseGeocoder","",4.01,"451 12TH AVE","New York","NY","10018","1021","1006650019"
"40.75331214","-73.98248076","",523,"1",1078.0351,"","AggieReverseGeocoder","",4.01,"1060 AVENUE OF THE AMERICAS","New York","NY","10018","3795","1012570002"
"40.76815922","-73.98249149","",524,"1",1109.3425,"","AggieReverseGeocoder","",4.01,"4 COLUMBUS CIR","New York","NY","10019","1100","1010480033"
"40.73311252","-74.01066542","",525,"1",642.143,"","AggieReverseGeocoder","",4.01,"394 WEST ST","New York","NY","10014","2817","1006360007"
"40.73633186","-73.9896369","",526,"1",1062.4923,"","AggieReverseGeocoder","",4.01,"69 E 17TH ST","New York","NY","10003","2004","1008450002"
"40.77400937","-73.96650553","",527,"1",1343.7455,"","AggieReverseGeocoder","",4.01,"4 E 74TH ST","New York","NY","10021","2605","1013880067"
"40.76312523","-74.00031209","",528,"1",656.2546,"","AggieReverseGeocoder","",4.01,"571 11TH AVE","New York","NY","10036","2106","1010910001"
"40.77371687","-73.98493767","",529,"1",265.6028,"","AggieReverseGeocoder","",4.01,"119 AMSTERDAM AVE","New York","NY","10023","7410","1011340025"
"40.77371687","-73.98493767","",530,"1",0,"","AggieReverseGeocoder","",4.01,"119 AMSTERDAM AVE","New York","NY","10023","7410","1011340025"
"40.7895748","-73.9739004","",531,"1",281.2384,"","AggieReverseGeocoder","",4.01,"592 AMSTERDAM AVE","New York","NY","10024","2341","1012360035"
"40.7109794","-73.996911","",532,"1",515.6128,"","AggieReverseGeocoder","",4.01,"7 MADISON ST","New York","NY","10038","1202","1001110160"
"40.7372266","-73.9754115","",533,"1",1187.3368,"","AggieReverseGeocoder","",4.01,"403 E 23RD ST","New York","NY","10010","5011","1009550005"
"40.7355596","-73.9823091","",534,"1",250.0413,"","AggieReverseGeocoder","",4.01,"328 2ND AVE","New York","NY","10003","2758","1009250001"
"40.7362343","-74.0055799","",535,"1",249.9058,"","AggieReverseGeocoder","",4.01,"295 W 11TH ST","New York","NY","10014","2444","1006237501"
"40.7736102","-73.9457089","",536,"1",1000.0021,"","AggieReverseGeocoder","",4.01,"100 E END AVE","New York","NY","10028","7403","1015810023"
"40.7753743","-73.9437389","",537,"1",875.0709,"","AggieReverseGeocoder","",4.01,"558 E 87TH ST","New York","NY","10128","7602","1015830127"
"40.7495978","-74.007597","",538,"1",298.117,"","AggieReverseGeocoder","",4.01,"181 11TH AVE","New York","NY","10011","1094","1006690017"
"40.7482974","-74.0019751","",539,"1",281.2339,"","AggieReverseGeocoder","",4.01,"430 W 25TH ST","New York","NY","10001","6502","1007220057"
"40.730641","-73.9972973","",540,"1",609.3511,"","AggieReverseGeocoder","",4.01,"566 LAGUARDIA PL","New York","NY","10012","1011","1005380040"
"40.7112559","-73.9935637","",541,"1",515.62,"","AggieReverseGeocoder","",4.01,"58 MARKET ST","New York","NY","10002","7315","1002540051"
"40.7157943","-74.0034488","",542,"1",1499.9312,"","AggieReverseGeocoder","",4.01,"95 WORTH ST","New York","NY","10013","6700","1001700020"
"40.7390308","-74.0048075","",543,"1",281.2682,"","AggieReverseGeocoder","",4.01,"638 HUDSON ST","New York","NY","10014","1635","1006270025"
"40.7682405","-73.9939713","",544,"1",687.4987,"","AggieReverseGeocoder","",4.01,"787 11TH AVE","New York","NY","10019","3538","1011020029"
"40.7300719","-74.0026832","",545,"1",265.5922,"","AggieReverseGeocoder","",4.01,"26 CARMINE ST","New York","NY","10014","4437","1005270069"
"40.7253724","-73.9754319","",546,"1",390.6581,"","AggieReverseGeocoder","",4.01,"149 E 10TH ST","New York","NY","10003","7504","1003800050"
"40.7236158","-73.973012","",547,"1",2750.0157,"","AggieReverseGeocoder","",4.01,"132 AVENUE D","New York","NY","10009","5543","1003620010"
"40.7141346","-73.9764643","",548,"1",3406.2399,"","AggieReverseGeocoder","",4.01,"570 GRAND ST","New York","NY","10002","4379","1003210001"
"40.7215638","-73.9747593","",549,"1",2953.1303,"","AggieReverseGeocoder","",4.01,"10 AVENUE D","New York","NY","10009","7001","1003560001"
"40.7127837","-74.0059413","",550,"1",546.8582,"","AggieReverseGeocoder","",4.01,"52 CHAMBERS ST","New York","NY","10007","1222","1001220001"
"40.719745","-73.980999","",551,"1",3015.6017,"","AggieReverseGeocoder","",4.01,"60 PITT ST","New York","NY","10002","3534","1003380001"
"40.7127837","-74.0059413","",552,"1",0,"","AggieReverseGeocoder","",4.01,"52 CHAMBERS ST","New York","NY","10007","1222","1001220001"
"40.7700747","-73.9494490999999","",553,"1",905.687,"","AggieReverseGeocoder","",4.01,"519 E 78TH ST","New York","NY","10075","1163","1014900015"
"40.7127254","-73.9884923999999","",554,"1",2906.2553,"","AggieReverseGeocoder","",4.01,"300 CHERRY ST","New York","NY","10002","7556","1002560001"
"40.7127837","-74.0059413","",555,"1",0,"","AggieReverseGeocoder","",4.01,"52 CHAMBERS ST","New York","NY","10007","1222","1001220001"
"40.7127837","-74.0059413","",556,"1",0,"","AggieReverseGeocoder","",4.01,"52 CHAMBERS ST","New York","NY","10007","1222","1001220001"
"40.7590996","-73.9921448","",557,"1",546.7357,"","AggieReverseGeocoder","",4.01,"602 9TH AVE","New York","NY","10036","3731","1010340001"
"40.7784886","-73.9854522","",558,"1",531.3716,"","AggieReverseGeocoder","",4.01,"225 W END AVE","New York","NY","10023","3640","1011820029"
"40.7127837","-74.0059413","",559,"1",0,"","AggieReverseGeocoder","",4.01,"52 CHAMBERS ST","New York","NY","10007","1222","1001220001"
"40.7127837","-74.0059413","",560,"1",0,"","AggieReverseGeocoder","",4.01,"52 CHAMBERS ST","New York","NY","10007","1222","1001220001"
"40.7731644","-73.9936924","",561,"1",249.9309,"","AggieReverseGeocoder","",4.01,"5 W END AVE","New York","NY","10023","7806","1011710001"
"40.783199","-73.9844789999999","",562,"1",562.4356,"","AggieReverseGeocoder","",4.01,"40 RIVERSIDE DR","New York","NY","10023","8032","1011850049"
"40.7877029","-73.9811608999999","",563,"1",593.7646,"","AggieReverseGeocoder","",4.01,"110 RIVERSIDE DR","New York","NY","10024","3715","1012450047"
"40.7127837","-74.0059413","",564,"1",0,"","AggieReverseGeocoder","",4.01,"52 CHAMBERS ST","New York","NY","10007","1222","1001220001"
"40.7127837","-74.0059413","",565,"1",0,"","AggieReverseGeocoder","",4.01,"52 CHAMBERS ST","New York","NY","10007","1222","1001220001"
"40.7194471","-74.0015255","",566,"1",546.8758,"","AggieReverseGeocoder","",4.01,"418 BROADWAY","New York","NY","10013","2519","1002090001"
"40.7849665","-73.9695960999999","",567,"1",984.3275,"","AggieReverseGeocoder","",4.01,"257 CENTRAL PARK W","New York","NY","10024","4103","1011990036"
"40.7144902","-73.9846456","",568,"1",2937.5162,"","AggieReverseGeocoder","",4.01,"279 E BROADWAY","New York","NY","10002","5610","1002880065"
"40.7127837","-74.0059413","",569,"1",0,"","AggieReverseGeocoder","",4.01,"52 CHAMBERS ST","New York","NY","10007","1222","1001220001"
"40.7836314","-73.9430131","",570,"1",828.2327,"","AggieReverseGeocoder","",4.01,"1880 2ND AVE","New York","NY","10029","7446","1016690001"
"40.781839","-73.979285","",571,"1",1000.0414,"","AggieReverseGeocoder","",4.01,"360 AMSTERDAM AVE","New York","NY","10024","6737","1011690029"
"40.7262831","-73.9818048","",572,"1",250.021,"","AggieReverseGeocoder","",4.01,"144 AVENUE A","New York","NY","10009","5062","1004030001"
"40.7357791","-73.9903772","",573,"1",250.0025,"","AggieReverseGeocoder","",4.01,"69 E 17TH ST","New York","NY","10003","2004","1008450002"
"40.7248576","-74.0026518999999","",574,"1",1140.5241,"","AggieReverseGeocoder","",4.01,"180 SPRING ST","New York","NY","10012","3703","1004880015"
"40.7643734","-73.9616090999999","",575,"1",1140.7568,"","AggieReverseGeocoder","",4.01,"1242 2ND AVE","New York","NY","10065","6804","1014400001"
"40.7714256","-73.9883602","",576,"1",249.9678,"","AggieReverseGeocoder","",4.01,"533 W 59TH ST","New York","NY","10019","1006","1011510015"
"40.7291647","-73.957469","",577,"1",875.2617,"","AggieReverseGeocoder","",4.01,"126 FRANKLIN ST","New York","NY","11222","2002","3025660008"
"40.7413029999999","-73.989344","",578,"1",656.2793,"","AggieReverseGeocoder","",4.01,"5 E 22ND ST","New York","NY","10010","5315","1008517501"
"40.7394876","-73.9826494","",579,"1",984.41,"","AggieReverseGeocoder","",4.01,"321 3RD AVE","New York","NY","10010","2320","1009050001"
"40.7478166","-73.9966529","",580,"1",625.0804,"","AggieReverseGeocoder","",4.01,"270 9TH AVE","New York","NY","10001","0009","1007510001"
"40.7522407","-73.9956900999999","",581,"1",578.1374,"","AggieReverseGeocoder","",4.01,"372 9TH AVE","New York","NY","10001","1605","1007550040"
"40.7410712","-74.0015593","",582,"1",609.483,"","AggieReverseGeocoder","",4.01,"270 W 17TH ST","New York","NY","10011","5353","1007667502"
"40.7446311","-73.9989762999999","",583,"1",625.5275,"","AggieReverseGeocoder","",4.01,"231 8TH AVE","New York","NY","10011","1606","1007450040"
"40.7159722","-73.9371777","",584,"1",562.4915,"","AggieReverseGeocoder","",4.01,"350 MASPETH AVE","New York","NY","11211","1704","3029080001"
"40.766016","-73.9852394","",585,"1",640.6107,"","AggieReverseGeocoder","",4.01,"330 W 55TH ST","New York","NY","10019","5159","1010450050"
"40.7672781","-73.9841948999999","",586,"1",593.9612,"","AggieReverseGeocoder","",4.01,"327 W 57TH ST","New York","NY","10019","3151","1010480017"
"40.7123596","-73.9848951999999","",587,"1",2984.2418,"","AggieReverseGeocoder","",4.01,"35 MONTGOMERY ST","New York","NY","10002","6558","1002590071"
"40.7665612","-73.9629317","",588,"1",1078.1453,"","AggieReverseGeocoder","",4.01,"1131 3RD AVE","New York","NY","10065","6229","1014210001"
"40.7457289","-73.9801982","",589,"1",999.914,"","AggieReverseGeocoder","",4.01,"141 E 33RD ST","New York","NY","10016","4606","1008890022"
"40.7233309999999","-73.951729","",590,"1",390.6182,"","AggieReverseGeocoder","",4.01,"50 BEDFORD AVE","New York","NY","11222","3906","3026700001"
"40.7313396","-73.9825657","",591,"1",984.3895,"","AggieReverseGeocoder","",4.01,"400 E 14TH ST","New York","NY","10009","3462","1004417501"
"40.7153113","-73.9604365","",592,"1",2171.947,"","AggieReverseGeocoder","",4.01,"258 BEDFORD AVE","New York","NY","11211","4013","3023597501"
"40.724039","-73.9432669","",593,"1",437.5205,"","AggieReverseGeocoder","",4.01,"110 RUSSELL ST","New York","NY","11222","","3026870001"
"40.742254","-74.000703","",594,"1",625.0615,"","AggieReverseGeocoder","",4.01,"157 8TH AVE","New York","NY","10011","5107","1007410038"
"40.7539319","-73.9721220999999","",595,"1",1156.2609,"","AggieReverseGeocoder","",4.01,"747 3RD AVE","New York","NY","10017","2803","1013200046"
"40.7176788","-74.0057724999999","",596,"1",1546.8933,"","AggieReverseGeocoder","",4.01,"66 LEONARD ST","New York","NY","10013","3455","1001737501"
"40.7616616","-73.9865631","",597,"1",640.4348,"","AggieReverseGeocoder","",4.01,"815 8TH AVE","New York","NY","10019","7415","1010400029"
"40.7329396","-73.9980147999999","",598,"1",703.1216,"","AggieReverseGeocoder","",4.01,"31 W 8TH ST","New York","NY","10011","9064","1005720059"
"40.7173837","-73.9914666999999","",599,"1",3296.8965,"","AggieReverseGeocoder","",4.01,"305 GRAND ST","New York","NY","10002","4404","1003070022"
"40.7550935","-73.9265515","",600,"1",1796.9165,"","AggieReverseGeocoder","",4.01,"3501 36TH AVE","New York","NY","11106","1331","4006390001"
"40.7609826","-73.9907693","",601,"1",671.8747,"","AggieReverseGeocoder","",4.01,"663 9TH AVE","New York","NY","10036","3606","1010550036"
"40.7694041","-73.9224181999999","",602,"1",1968.738,"","AggieReverseGeocoder","",4.01,"2720 NEWTOWN AVE","New York","NY","11102","2442","4005750007"
"40.7412297","-73.9026877","",603,"1",1421.8133,"","AggieReverseGeocoder","",4.01,"6110 QUEENS BLVD","New York","NY","11377","5771","4023140100"
"40.7863952","-73.9779798999999","",604,"1",1109.3907,"","AggieReverseGeocoder","",4.01,"2290 BROADWAY","New York","NY","10024","4902","1012300043"
"40.7733656","-73.906788","",605,"1",1499.9706,"","AggieReverseGeocoder","",4.01,"3713 DITMARS BLVD","New York","NY","11105","1840","4008080063"
"40.758804","-73.9381111","",606,"1",1749.9805,"","AggieReverseGeocoder","",4.01,"3642 21ST ST","New York","NY","11106","4706","4003490001"
"40.7682567","-73.9361858","",607,"1",421.7595,"","AggieReverseGeocoder","",4.01,"3130 VERNON BLVD","New York","NY","11106","","4005010016"
"40.7646285","-73.9322469","",608,"1",1484.3673,"","AggieReverseGeocoder","",4.01,"3302 21ST ST","New York","NY","11106","4239","4005280110"
"40.7475658","-73.9111018","",609,"1",578.0363,"","AggieReverseGeocoder","",4.01,"5201 39TH DR","New York","NY","11377","","4012360002"
"40.7468806","-73.9208077999999","",610,"1",1781.2331,"","AggieReverseGeocoder","",4.01,"4108 43RD ST","New York","NY","11104","2552","4001590021"
"40.7276003","-73.9053726","",611,"1",1374.9014,"","AggieReverseGeocoder","",4.01,"6023 54TH AVE","New York","NY","11378","1203","4023650009"
"40.7472245","-73.9488888","",612,"1",468.8182,"","AggieReverseGeocoder","",4.01,"1101 45TH RD","New York","NY","11101","","4000530001"
"40.7414895","-73.9218882999999","",613,"1",1859.4345,"","AggieReverseGeocoder","",4.01,"4209 47TH AVE","New York","NY","11104","3053","4001690001"
"40.7563923","-73.9487171","",614,"1",499.9293,"","AggieReverseGeocoder","",4.01,"4050 VERNON BLVD","New York","NY","11101","7252","4004770049"
"40.7664366","-73.9409924","",615,"1",1093.7955,"","AggieReverseGeocoder","",4.01,"3343 VERNON BLVD","New York","NY","11106","4928","4003210008"
"40.7185097","-73.9017677","",616,"1",656.2318,"","AggieReverseGeocoder","",4.01,"5925 FRESH POND RD","New York","NY","11378","3464","4027540001"
"40.744009","-73.9994219999999","",617,"1",718.754,"","AggieReverseGeocoder","",4.01,"209 8TH AVE","New York","NY","10011","1605","1007440043"
"40.7413029999999","-73.989344","",618,"1",0,"","AggieReverseGeocoder","",4.01,"5 E 22ND ST","New York","NY","10010","5315","1008517501"
"40.7517354","-73.9866769","",619,"1",343.8347,"","AggieReverseGeocoder","",4.01,"993 AVENUE OF THE AMERICAS","New York","NY","10018","5409","1008120045"
"40.7218903","-73.9855585999999","",620,"1",3156.4484,"","AggieReverseGeocoder","",4.01,"245 E HOUSTON ST","New York","NY","10002","1013","1003550049"
"40.7435017","-74.0068755","",621,"1",281.2784,"","AggieReverseGeocoder","",4.01,"458 W 17TH ST","New York","NY","10011","5802","1007140001"
"40.7396384","-74.0083238","",622,"1",312.3786,"","AggieReverseGeocoder","",4.01,"820 WASHINGTON ST","New York","NY","10014","1406","1006440010"
"40.753877","-73.969015","",623,"1",468.7597,"","AggieReverseGeocoder","",4.01,"902 2ND AVE","New York","NY","10017","1504","1013410001"
"40.750107392542866","-74.00113212707708","",624,"1",312.5414,"","AggieReverseGeocoder","",4.01,"294 10TH AVE","New York","NY","10001","7010","1007240100"